"","X.1","X","city","year","month","sales","volume","median","listings","inventory","date"
"1",1,1871,"Corpus Christi",2000,1,182,17665000,78500,2510,9.3,2000
"2",2,1872,"Corpus Christi",2000,2,219,20240000,78700,2534,9.4,2000.08333333333
"3",3,1873,"Corpus Christi",2000,3,351,36255000,85500,2591,9.4,2000.16666666667
"4",4,1874,"Corpus Christi",2000,4,288,28915000,80000,2631,9.6,2000.25
"5",5,1875,"Corpus Christi",2000,5,317,34565000,90200,2651,9.7,2000.33333333333
"6",6,1876,"Corpus Christi",2000,6,339,37750000,93600,2632,9.6,2000.41666666667
"7",7,1877,"Corpus Christi",2000,7,287,31185000,90700,2687,9.9,2000.5
"8",8,1878,"Corpus Christi",2000,8,398,40670000,85400,2232,8,2000.58333333333
"9",9,1879,"Corpus Christi",2000,9,307,31300000,86100,2529,8.9,2000.66666666667
"10",10,1880,"Corpus Christi",2000,10,274,26645000,82600,2471,8.5,2000.75
"11",11,1881,"Corpus Christi",2000,11,259,25415411,NA,2051,7,2000.83333333333
"12",12,1882,"Corpus Christi",2000,12,220,24130000,90000,2360,8.2,2000.91666666667
"13",13,1883,"Corpus Christi",2001,1,202,19335000,86500,2490,8.6,2001
"14",14,1884,"Corpus Christi",2001,2,277,29210000,85300,2524,8.6,2001.08333333333
"15",15,1885,"Corpus Christi",2001,3,297,30045000,84600,2550,8.8,2001.16666666667
"16",16,1886,"Corpus Christi",2001,4,332,34435000,85200,2607,8.9,2001.25
"17",17,1887,"Corpus Christi",2001,5,317,34565000,90100,2529,8.6,2001.33333333333
"18",18,1888,"Corpus Christi",2001,6,384,42100000,91200,2482,8.4,2001.41666666667
"19",19,1889,"Corpus Christi",2001,7,326,35040000,89100,2433,8.1,2001.5
"20",20,1890,"Corpus Christi",2001,8,373,40570000,92100,2310,7.8,2001.58333333333
"21",21,1891,"Corpus Christi",2001,9,255,26275000,88400,1827,6.2,2001.66666666667
"22",22,1892,"Corpus Christi",2001,10,213,26295000,92800,1760,6.1,2001.75
"23",23,1893,"Corpus Christi",2001,11,277,30375000,89500,1665,5.8,2001.83333333333
"24",24,1894,"Corpus Christi",2001,12,264,30125000,93300,1570,5.4,2001.91666666667
"25",25,1895,"Corpus Christi",2002,1,243,25905000,92300,1586,5.3,2002
"26",26,1896,"Corpus Christi",2002,2,271,29555000,91300,1531,5.2,2002.08333333333
"27",27,1897,"Corpus Christi",2002,3,270,27070000,85000,1475,5,2002.16666666667
"28",28,1898,"Corpus Christi",2002,4,310,34805000,93000,1550,5.3,2002.25
"29",29,1899,"Corpus Christi",2002,5,405,43905000,90900,NA,NA,2002.33333333333
"30",30,1900,"Corpus Christi",2002,6,332,38020000,95800,1467,5,2002.41666666667
"31",31,1901,"Corpus Christi",2002,7,363,40015000,95600,1397,4.7,2002.5
"32",32,1902,"Corpus Christi",2002,8,353,40345000,93300,1370,4.6,2002.58333333333
"33",33,1903,"Corpus Christi",2002,9,320,34910000,93600,1472,4.9,2002.66666666667
"34",34,1904,"Corpus Christi",2002,10,306,34500000,93900,1515,4.9,2002.75
"35",35,1905,"Corpus Christi",2002,11,275,31335000,95600,1530,4.9,2002.83333333333
"36",36,1906,"Corpus Christi",2002,12,322,37405000,1e+05,1428,4.5,2002.91666666667
"37",37,1907,"Corpus Christi",2003,1,234,25655000,93300,NA,NA,2003
"38",38,1908,"Corpus Christi",2003,2,294,32970000,93300,1503,4.8,2003.08333333333
"39",39,1909,"Corpus Christi",2003,3,336,39295000,99200,1544,4.8,2003.16666666667
"40",40,1910,"Corpus Christi",2003,4,379,42720000,98800,1624,5,2003.25
"41",41,1911,"Corpus Christi",2003,5,361,45130000,103200,1684,5.2,2003.33333333333
"42",42,1912,"Corpus Christi",2003,6,400,52690000,107000,1664,5.1,2003.41666666667
"43",43,1913,"Corpus Christi",2003,7,396,48250000,107600,1681,5.1,2003.5
"44",44,1914,"Corpus Christi",2003,8,446,56195000,108200,1646,4.9,2003.58333333333
"45",45,1915,"Corpus Christi",2003,9,371,44455000,102300,1662,4.8,2003.66666666667
"46",46,1916,"Corpus Christi",2003,10,364,42470000,97600,1731,5,2003.75
"47",47,1917,"Corpus Christi",2003,11,288,34950000,104800,1758,5,2003.83333333333
"48",48,1918,"Corpus Christi",2003,12,329,42015000,104700,1693,4.8,2003.91666666667
"49",49,1919,"Corpus Christi",2004,1,255,29970000,99100,1727,4.9,2004
"50",50,1920,"Corpus Christi",2004,2,320,38180000,98900,1712,4.8,2004.08333333333
"51",51,1921,"Corpus Christi",2004,3,454,59805000,112900,1753,4.8,2004.16666666667
"52",52,1922,"Corpus Christi",2004,4,417,52300000,104800,1710,4.7,2004.25
"53",53,1923,"Corpus Christi",2004,5,421,56860000,116800,1727,4.6,2004.33333333333
"54",54,1924,"Corpus Christi",2004,6,468,65745000,118600,1751,4.6,2004.41666666667
"55",55,1925,"Corpus Christi",2004,7,465,60420000,116700,1821,4.8,2004.5
"56",56,1926,"Corpus Christi",2004,8,463,63050000,114400,1756,4.6,2004.58333333333
"57",57,1927,"Corpus Christi",2004,9,398,53620000,118900,1783,4.6,2004.66666666667
"58",58,1928,"Corpus Christi",2004,10,383,51525000,116600,1791,4.6,2004.75
"59",59,1929,"Corpus Christi",2004,11,336,47135000,120000,1628,4.1,2004.83333333333
"60",60,1930,"Corpus Christi",2004,12,365,47970000,113900,1728,4.4,2004.91666666667
"61",61,1931,"Corpus Christi",2005,1,272,37205000,112600,1793,4.5,2005
"62",62,1932,"Corpus Christi",2005,2,336,48375000,120000,2440,6.1,2005.08333333333
"63",63,1933,"Corpus Christi",2005,3,389,54310000,116800,2542,6.5,2005.16666666667
"64",64,1934,"Corpus Christi",2005,4,385,51550000,115800,1750,4.5,2005.25
"65",65,1935,"Corpus Christi",2005,5,457,66160000,122900,1809,4.6,2005.33333333333
"66",66,1936,"Corpus Christi",2005,6,527,81105000,129300,1783,4.5,2005.41666666667
"67",67,1937,"Corpus Christi",2005,7,515,77795000,127400,1823,4.5,2005.5
"68",68,1938,"Corpus Christi",2005,8,498,78340000,130900,1830,4.5,2005.58333333333
"69",69,1939,"Corpus Christi",2005,9,396,58895000,127000,1923,4.7,2005.66666666667
"70",70,1940,"Corpus Christi",2005,10,410,60315000,127900,2058,5.1,2005.75
"71",71,1941,"Corpus Christi",2005,11,315,49485000,136300,2016,5,2005.83333333333
"72",72,1942,"Corpus Christi",2005,12,394,57455000,130200,2082,5.1,2005.91666666667
"73",73,1943,"Corpus Christi",2006,1,277,40265000,126900,2089,5.1,2006
"74",74,1944,"Corpus Christi",2006,2,377,58390000,125600,2193,5.3,2006.08333333333
"75",75,1945,"Corpus Christi",2006,3,477,69005000,127900,2308,5.5,2006.16666666667
"76",76,1946,"Corpus Christi",2006,4,431,69265000,131600,2756,6.5,2006.25
"77",77,1947,"Corpus Christi",2006,5,513,79550000,132000,2581,6,2006.33333333333
"78",78,1948,"Corpus Christi",2006,6,565,88945000,136300,2727,6.3,2006.41666666667
"79",79,1949,"Corpus Christi",2006,7,455,72620000,134300,2818,6.6,2006.5
"80",80,1950,"Corpus Christi",2006,8,506,78820000,128600,2862,6.7,2006.58333333333
"81",81,1951,"Corpus Christi",2006,9,430,65090000,127600,2833,6.6,2006.66666666667
"82",82,1952,"Corpus Christi",2006,10,408,59570000,125600,2826,6.6,2006.75
"83",83,1953,"Corpus Christi",2006,11,365,54940000,129800,2762,6.4,2006.83333333333
"84",84,1954,"Corpus Christi",2006,12,388,59380000,135000,2718,6.3,2006.91666666667
"85",85,1955,"Corpus Christi",2007,1,280,42858267,132700,2713,6.3,2007
"86",86,1956,"Corpus Christi",2007,2,358,52133866,122000,2781,6.4,2007.08333333333
"87",87,1957,"Corpus Christi",2007,3,443,74619940,136400,2953,6.9,2007.16666666667
"88",88,1958,"Corpus Christi",2007,4,380,57996494,133300,3091,7.3,2007.25
"89",89,1959,"Corpus Christi",2007,5,442,71270252,132700,3159,7.6,2007.33333333333
"90",90,1960,"Corpus Christi",2007,6,433,72881251,143200,2425,6,2007.41666666667
"91",91,1961,"Corpus Christi",2007,7,473,79533597,141000,3245,7.9,2007.5
"92",92,1962,"Corpus Christi",2007,8,425,72398917,146400,3243,8.1,2007.58333333333
"93",93,1963,"Corpus Christi",2007,9,298,46080545,134900,3276,8.4,2007.66666666667
"94",94,1964,"Corpus Christi",2007,10,365,61560750,143300,3192,8.2,2007.75
"95",95,1965,"Corpus Christi",2007,11,324,51639406,130000,3084,8,2007.83333333333
"96",96,1966,"Corpus Christi",2007,12,289,47815670,139300,2951,7.9,2007.91666666667
"97",97,1967,"Corpus Christi",2008,1,248,37913488,127700,2891,7.7,2008
"98",98,1968,"Corpus Christi",2008,2,284,45098053,136700,3007,8.2,2008.08333333333
"99",99,1969,"Corpus Christi",2008,3,320,55165185,144300,3121,8.7,2008.16666666667
"100",100,1970,"Corpus Christi",2008,4,353,58883327,147900,3110,8.8,2008.25
"101",101,1971,"Corpus Christi",2008,5,386,65589576,NA,3258,9.3,2008.33333333333
"102",102,1972,"Corpus Christi",2008,6,393,65130000,143500,3150,9.1,2008.41666666667
"103",103,1973,"Corpus Christi",2008,7,372,62105000,146800,3071,9.1,2008.5
"104",104,1974,"Corpus Christi",2008,8,377,60640000,135800,3115,9.3,2008.58333333333
"105",105,1975,"Corpus Christi",2008,9,309,50974182,138100,3102,9.3,2008.66666666667
"106",106,1976,"Corpus Christi",2008,10,255,42967125,139200,3056,9.4,2008.75
"107",107,1977,"Corpus Christi",2008,11,223,33321310,130500,3000,9.5,2008.83333333333
"108",108,1978,"Corpus Christi",2008,12,253,36922702,133100,2971,9.4,2008.91666666667
"109",109,1979,"Corpus Christi",2009,1,178,26518789,129600,2842,9.2,2009
"110",110,1980,"Corpus Christi",2009,2,235,34090000,133800,2842,9.3,2009.08333333333
"111",111,1981,"Corpus Christi",2009,3,283,41741772,122200,2850,9.5,2009.16666666667
"112",112,1982,"Corpus Christi",2009,4,283,41315000,122200,2900,9.8,2009.25
"113",113,1983,"Corpus Christi",2009,5,298,48473022,133700,2939,10.2,2009.33333333333
"114",114,1984,"Corpus Christi",2009,6,372,59297003,140000,2967,10.4,2009.41666666667
"115",115,1985,"Corpus Christi",2009,7,306,48870874,138700,2991,10.6,2009.5
"116",116,1986,"Corpus Christi",2009,8,318,50840000,138100,3168,11.5,2009.58333333333
"117",117,1987,"Corpus Christi",2009,9,271,43168802,144100,3005,11,2009.66666666667
"118",118,1988,"Corpus Christi",2009,10,317,47219137,135300,3005,10.8,2009.75
"119",119,1989,"Corpus Christi",2009,11,310,48185362,138400,2969,10.4,2009.83333333333
"120",120,1990,"Corpus Christi",2009,12,273,45841766,136900,2895,10.1,2009.91666666667
"121",121,1991,"Corpus Christi",2010,1,158,22214818,125900,2688,9.4,2010
"122",122,1992,"Corpus Christi",2010,2,231,32738198,119700,2768,9.7,2010.08333333333
"123",123,1993,"Corpus Christi",2010,3,302,47526182,137600,2816,9.8,2010.16666666667
"124",124,1994,"Corpus Christi",2010,4,351,52816305,138000,NA,NA,2010.25
"125",125,1995,"Corpus Christi",2010,5,339,57297054,133100,2966,10,2010.33333333333
"126",126,1996,"Corpus Christi",2010,6,361,56136687,143000,3085,10.5,2010.41666666667
"127",127,1997,"Corpus Christi",2010,7,276,45479194,135000,3146,10.8,2010.5
"128",128,1998,"Corpus Christi",2010,8,317,52966363,148500,3266,11.2,2010.58333333333
"129",129,1999,"Corpus Christi",2010,9,256,39326777,137100,3213,11,2010.66666666667
"130",130,2000,"Corpus Christi",2010,10,238,35254886,134200,2990,10.5,2010.75
"131",131,2001,"Corpus Christi",2010,11,348,36810227,138400,2990,10.4,2010.83333333333
"132",132,2002,"Corpus Christi",2010,12,268,46232126,138400,2942,10.2,2010.91666666667
"133",133,2003,"Corpus Christi",2011,1,175,24560371,128500,2834,9.8,2011
"134",134,2004,"Corpus Christi",2011,2,181,27313203,143900,2814,9.9,2011.08333333333
"135",135,2005,"Corpus Christi",2011,3,283,47001404,132400,2820,10,2011.16666666667
"136",136,2006,"Corpus Christi",2011,4,285,44589025,133600,NA,NA,2011.25
"137",137,2007,"Corpus Christi",2011,5,289,43664332,130800,2958,10.8,2011.33333333333
"138",138,2008,"Corpus Christi",2011,6,347,54172618,139700,2904,10.7,2011.41666666667
"139",139,2009,"Corpus Christi",2011,7,329,54068445,145900,2764,10,2011.5
"140",140,2010,"Corpus Christi",2011,8,383,60754506,135100,2508,8.9,2011.58333333333
"141",141,2011,"Corpus Christi",2011,9,293,43455045,134600,2647,9.3,2011.66666666667
"142",142,2012,"Corpus Christi",2011,10,267,40988405,128900,2619,9.1,2011.75
"143",143,2013,"Corpus Christi",2011,11,270,44667590,141500,2300,8.2,2011.83333333333
"144",144,2014,"Corpus Christi",2011,12,294,49745084,138100,2357,8.3,2011.91666666667
"145",145,2015,"Corpus Christi",2012,1,204,28911687,127100,2186,7.7,2012
"146",146,2016,"Corpus Christi",2012,2,261,41689138,137900,2209,7.6,2012.08333333333
"147",147,2017,"Corpus Christi",2012,3,344,52866536,132200,2232,7.5,2012.16666666667
"148",148,2018,"Corpus Christi",2012,4,337,63414940,139800,2186,7.3,2012.25
"149",149,2019,"Corpus Christi",2012,5,371,68647528,147600,2079,6.7,2012.33333333333
"150",150,2020,"Corpus Christi",2012,6,437,77838239,144600,2095,6.6,2012.41666666667
"151",151,2021,"Corpus Christi",2012,7,356,60952371,148900,2285,7.2,2012.5
"152",152,2022,"Corpus Christi",2012,8,429,75170429,144100,2269,7,2012.58333333333
"153",153,2023,"Corpus Christi",2012,9,339,55490787,143600,2329,7.1,2012.66666666667
"154",154,2024,"Corpus Christi",2012,10,327,51094389,139800,2291,6.9,2012.75
"155",155,2025,"Corpus Christi",2012,11,325,57002796,154200,2267,6.8,2012.83333333333
"156",156,2026,"Corpus Christi",2012,12,328,56334875,142100,2099,6.2,2012.91666666667
"157",157,2027,"Corpus Christi",2013,1,250,40959582,135900,1792,5.2,2013
"158",158,2028,"Corpus Christi",2013,2,289,48134035,140400,2004,5.8,2013.08333333333
"159",159,2029,"Corpus Christi",2013,3,392,69450191,143700,2016,5.8,2013.16666666667
"160",160,2030,"Corpus Christi",2013,4,401,66964938,143600,1968,5.6,2013.25
"161",161,2031,"Corpus Christi",2013,5,462,85268037,154800,1979,5.5,2013.33333333333
"162",162,2032,"Corpus Christi",2013,6,454,84759840,160500,1901,5.2,2013.41666666667
"163",163,2033,"Corpus Christi",2013,7,476,90271448,163800,1932,5.2,2013.5
"164",164,2034,"Corpus Christi",2013,8,443,81177010,154100,1988,5.3,2013.58333333333
"165",165,2035,"Corpus Christi",2013,9,368,66221747,156400,1787,4.7,2013.66666666667
"166",166,2036,"Corpus Christi",2013,10,380,68394597,156700,1976,5.2,2013.75
"167",167,2037,"Corpus Christi",2013,11,324,61721526,156400,1965,5.2,2013.83333333333
"168",168,2038,"Corpus Christi",2013,12,350,65702376,144000,1898,5,2013.91666666667
"169",169,2039,"Corpus Christi",2014,1,255,45407833,155000,1748,4.6,2014
"170",170,2040,"Corpus Christi",2014,2,322,61363819,168600,1764,4.6,2014.08333333333
"171",171,2041,"Corpus Christi",2014,3,388,75123249,164400,1470,3.8,2014.16666666667
"172",172,2042,"Corpus Christi",2014,4,404,76475125,160600,1573,4.1,2014.25
"173",173,2043,"Corpus Christi",2014,5,395,80066895,169500,1280,3.4,2014.33333333333
"174",174,2044,"Corpus Christi",2014,6,483,95154634,170800,1948,5.1,2014.41666666667
"175",175,2045,"Corpus Christi",2014,7,481,95883057,175000,1851,4.8,2014.5
"176",176,2046,"Corpus Christi",2014,8,454,90630093,172900,1815,4.7,2014.58333333333
"177",177,2047,"Corpus Christi",2014,9,454,90229967,164600,1815,4.6,2014.66666666667
"178",178,2048,"Corpus Christi",2014,10,420,83531149,168000,1859,4.7,2014.75
"179",179,2049,"Corpus Christi",2014,11,290,58716060,172600,1794,4.6,2014.83333333333
"180",180,2050,"Corpus Christi",2014,12,375,77891401,174900,1870,4.8,2014.91666666667
"181",181,2051,"Corpus Christi",2015,1,241,45291485,162800,1872,4.8,2015
"182",182,2052,"Corpus Christi",2015,2,308,63256153,174500,1861,4.8,2015.08333333333
"183",183,2053,"Corpus Christi",2015,3,404,78345229,173200,1870,4.8,2015.16666666667
"184",184,2054,"Corpus Christi",2015,4,436,87577428,175000,1911,4.8,2015.25
"185",185,2055,"Corpus Christi",2015,5,425,85776743,186100,2036,5.1,2015.33333333333
"186",186,2056,"Corpus Christi",2015,6,493,104904076,189600,2133,5.4,2015.41666666667
"187",187,2057,"Corpus Christi",2015,7,NA,NA,NA,NA,NA,2015.5
"188",188,2058,"Dallas",2000,1,2286,375389865,124400,13316,3.7,2000
"189",189,2059,"Dallas",2000,2,3247,555124812,127700,13495,3.7,2000.08333333333
"190",190,2060,"Dallas",2000,3,4244,702148377,128500,13752,3.7,2000.16666666667
"191",191,2061,"Dallas",2000,4,3977,667331427,132000,13752,3.7,2000.25
"192",192,2062,"Dallas",2000,5,4545,783197806,137100,14018,3.7,2000.33333333333
"193",193,2063,"Dallas",2000,6,4738,846254912,138800,14392,3.8,2000.41666666667
"194",194,2064,"Dallas",2000,7,4276,763793916,139600,14705,3.9,2000.5
"195",195,2065,"Dallas",2000,8,4373,770735708,134500,14607,3.9,2000.58333333333
"196",196,2066,"Dallas",2000,9,3654,643046932,136000,15109,4,2000.66666666667
"197",197,2067,"Dallas",2000,10,3601,626302634,134600,15212,4,2000.75
"198",198,2068,"Dallas",2000,11,3407,589401171,133200,14565,3.8,2000.83333333333
"199",199,2069,"Dallas",2000,12,3098,554774879,138700,13762,3.6,2000.91666666667
"200",200,2070,"Dallas",2001,1,2542,426059934,130300,14931,3.9,2001
"201",201,2071,"Dallas",2001,2,3257,578096015,139300,15389,4,2001.08333333333
"202",202,2072,"Dallas",2001,3,4306,766269442,142400,16063,4.2,2001.16666666667
"203",203,2073,"Dallas",2001,4,3976,700310163,140800,17059,4.5,2001.25
"204",204,2074,"Dallas",2001,5,4633,832516238,141700,17814,4.7,2001.33333333333
"205",205,2075,"Dallas",2001,6,5065,941310414,146300,18372,4.8,2001.41666666667
"206",206,2076,"Dallas",2001,7,4745,866755946,144300,18741,4.8,2001.5
"207",207,2077,"Dallas",2001,8,4603,839224430,141400,18584,4.8,2001.58333333333
"208",208,2078,"Dallas",2001,9,3551,630982262,144500,18998,4.9,2001.66666666667
"209",209,2079,"Dallas",2001,10,3449,564356982,136000,19403,5,2001.75
"210",210,2080,"Dallas",2001,11,3373,582425484,142300,18495,4.8,2001.83333333333
"211",211,2081,"Dallas",2001,12,3492,624519434,142600,17290,4.4,2001.91666666667
"212",212,2082,"Dallas",2002,1,2862,502970859,140700,18240,4.6,2002
"213",213,2083,"Dallas",2002,2,3461,616881882,143700,18927,4.8,2002.08333333333
"214",214,2084,"Dallas",2002,3,4021,731728110,145200,19367,4.9,2002.16666666667
"215",215,2085,"Dallas",2002,4,4185,766278911,144900,20139,5.1,2002.25
"216",216,2086,"Dallas",2002,5,4769,913391794,145600,21153,5.3,2002.33333333333
"217",217,2087,"Dallas",2002,6,4423,817899695,148400,22043,5.6,2002.41666666667
"218",218,2088,"Dallas",2002,7,4559,857727953,145100,23165,5.9,2002.5
"219",219,2089,"Dallas",2002,8,4386,811329118,145500,23056,5.9,2002.58333333333
"220",220,2090,"Dallas",2002,9,3716,653244332,142800,23551,6.1,2002.66666666667
"221",221,2091,"Dallas",2002,10,3672,657676258,143700,23458,6,2002.75
"222",222,2092,"Dallas",2002,11,3415,611752816,143400,22758,5.8,2002.83333333333
"223",223,2093,"Dallas",2002,12,3730,698773428,148100,21559,5.5,2002.91666666667
"224",224,2094,"Dallas",2003,1,2795,495512434,141900,23586,6,2003
"225",225,2095,"Dallas",2003,2,2994,549263980,145600,24381,6.3,2003.08333333333
"226",226,2096,"Dallas",2003,3,4245,775700960,146100,25382,6.5,2003.16666666667
"227",227,2097,"Dallas",2003,4,4077,752063142,146800,26210,6.7,2003.25
"228",228,2098,"Dallas",2003,5,4655,883859330,150600,26824,6.9,2003.33333333333
"229",229,2099,"Dallas",2003,6,4847,920352540,154000,27169,6.9,2003.41666666667
"230",230,2100,"Dallas",2003,7,5085,988546517,153400,27286,6.9,2003.5
"231",231,2101,"Dallas",2003,8,5003,957387591,153300,26604,6.6,2003.58333333333
"232",232,2102,"Dallas",2003,9,4267,819435447,148300,26372,6.5,2003.66666666667
"233",233,2103,"Dallas",2003,10,4136,772657281,143600,25757,6.3,2003.75
"234",234,2104,"Dallas",2003,11,3225,614476976,144500,25093,6.1,2003.83333333333
"235",235,2105,"Dallas",2003,12,3949,757974150,147200,24013,5.8,2003.91666666667
"236",236,2106,"Dallas",2004,1,2904,523105156,138900,25365,6.2,2004
"237",237,2107,"Dallas",2004,2,3409,643892110,146700,25849,6.2,2004.08333333333
"238",238,2108,"Dallas",2004,3,4835,924268970,146600,26821,6.4,2004.16666666667
"239",239,2109,"Dallas",2004,4,5006,985509075,148900,27938,6.5,2004.25
"240",240,2110,"Dallas",2004,5,5116,997391985,149600,28496,6.6,2004.33333333333
"241",241,2111,"Dallas",2004,6,5511,1134082858,159300,28725,6.6,2004.41666666667
"242",242,2112,"Dallas",2004,7,5398,1073634588,154500,28842,6.6,2004.5
"243",243,2113,"Dallas",2004,8,5222,1038300840,152400,28612,6.5,2004.58333333333
"244",244,2114,"Dallas",2004,9,4444,834310868,146300,28055,6.3,2004.66666666667
"245",245,2115,"Dallas",2004,10,4184,802557736,148900,27386,6.2,2004.75
"246",246,2116,"Dallas",2004,11,3996,754389601,148900,26079,5.8,2004.83333333333
"247",247,2117,"Dallas",2004,12,4489,870957702,148100,24190,5.3,2004.91666666667
"248",248,2118,"Dallas",2005,1,2981,547637034,140200,25873,5.7,2005
"249",249,2119,"Dallas",2005,2,3762,728884739,147600,26794,5.9,2005.08333333333
"250",250,2120,"Dallas",2005,3,5349,1074448492,151700,27751,6,2005.16666666667
"251",251,2121,"Dallas",2005,4,5261,1046087320,152000,28745,6.2,2005.25
"252",252,2122,"Dallas",2005,5,5681,1140244812,154400,28790,6.1,2005.33333333333
"253",253,2123,"Dallas",2005,6,6416,1352136392,158900,28875,6.1,2005.41666666667
"254",254,2124,"Dallas",2005,7,5808,1191501494,159800,29103,6.1,2005.5
"255",255,2125,"Dallas",2005,8,6006,1231779356,158000,NA,NA,2005.58333333333
"256",256,2126,"Dallas",2005,9,5086,1013634502,154500,27562,5.6,2005.66666666667
"257",257,2127,"Dallas",2005,10,4696,943709896,155100,27113,5.5,2005.75
"258",258,2128,"Dallas",2005,11,4413,911211915,158500,26468,5.3,2005.83333333333
"259",259,2129,"Dallas",2005,12,4521,952447451,157100,24860,5,2005.91666666667
"260",260,2130,"Dallas",2006,1,3457,681032359,149600,26232,5.2,2006
"261",261,2131,"Dallas",2006,2,4311,860515451,154100,26793,5.3,2006.08333333333
"262",262,2132,"Dallas",2006,3,5883,1199917590,154900,27795,5.4,2006.16666666667
"263",263,2133,"Dallas",2006,4,5332,1079456628,154800,29147,5.7,2006.25
"264",264,2134,"Dallas",2006,5,6410,1407381438,164500,29775,5.7,2006.33333333333
"265",265,2135,"Dallas",2006,6,7117,1546598624,163400,30323,5.8,2006.41666666667
"266",266,2136,"Dallas",2006,7,5965,1283170506,164000,31191,5.9,2006.5
"267",267,2137,"Dallas",2006,8,6344,1336466287,158300,30770,5.8,2006.58333333333
"268",268,2138,"Dallas",2006,9,5052,982886817,150200,31030,5.9,2006.66666666667
"269",269,2139,"Dallas",2006,10,5033,1010810885,152300,30258,5.7,2006.75
"270",270,2140,"Dallas",2006,11,4585,940142663,154900,29060,5.4,2006.83333333333
"271",271,2141,"Dallas",2006,12,4737,993052385,156300,27369,5.1,2006.91666666667
"272",272,2142,"Dallas",2007,1,3626,731573846,149300,28328,5.3,2007
"273",273,2143,"Dallas",2007,2,4248,861440268,153500,29121,5.4,2007.08333333333
"274",274,2144,"Dallas",2007,3,5726,1235307617,158200,31281,5.8,2007.16666666667
"275",275,2145,"Dallas",2007,4,5252,1165180158,164100,32787,6.1,2007.25
"276",276,2146,"Dallas",2007,5,6092,1370682102,163000,33283,6.3,2007.33333333333
"277",277,2147,"Dallas",2007,6,6207,1432055051,169100,33624,6.4,2007.41666666667
"278",278,2148,"Dallas",2007,7,6111,1330935156,163700,33414,6.4,2007.5
"279",279,2149,"Dallas",2007,8,6041,1353660825,165700,32915,6.3,2007.58333333333
"280",280,2150,"Dallas",2007,9,4069,847151558,157500,32907,6.4,2007.66666666667
"281",281,2151,"Dallas",2007,10,4396,903923726,153500,32079,6.3,2007.75
"282",282,2152,"Dallas",2007,11,4124,888702214,155400,30563,6,2007.83333333333
"283",283,2153,"Dallas",2007,12,3803,814393850,153700,27649,5.6,2007.91666666667
"284",284,2154,"Dallas",2008,1,3210,630240854,146100,28933,5.9,2008
"285",285,2155,"Dallas",2008,2,3869,773134573,147400,29206,6,2008.08333333333
"286",286,2156,"Dallas",2008,3,4495,962729451,159600,30124,6.3,2008.16666666667
"287",287,2157,"Dallas",2008,4,4764,1028613369,157600,30471,6.4,2008.25
"288",288,2158,"Dallas",2008,5,5198,1144397358,162100,30340,6.5,2008.33333333333
"289",289,2159,"Dallas",2008,6,5180,1134394581,164400,30340,6.6,2008.41666666667
"290",290,2160,"Dallas",2008,7,5125,1130066358,163500,29724,6.6,2008.5
"291",291,2161,"Dallas",2008,8,4912,1062012827,159300,28367,6.4,2008.58333333333
"292",292,2162,"Dallas",2008,9,4293,875314057,150100,27406,6.2,2008.66666666667
"293",293,2163,"Dallas",2008,10,3709,772075592,154300,26563,6.1,2008.75
"294",294,2164,"Dallas",2008,11,2801,557480064,144000,26573,6.2,2008.83333333333
"295",295,2165,"Dallas",2008,12,3292,664006859,147600,24321,5.7,2008.91666666667
"296",296,2166,"Dallas",2009,1,2346,417085333,138300,25070,6,2009
"297",297,2167,"Dallas",2009,2,2979,564485187,147200,25641,6.3,2009.08333333333
"298",298,2168,"Dallas",2009,3,3631,694327912,147900,26346,6.6,2009.16666666667
"299",299,2169,"Dallas",2009,4,3694,709506666,149100,26782,6.8,2009.25
"300",300,2170,"Dallas",2009,5,4119,851097758,164300,26918,7,2009.33333333333
"301",301,2171,"Dallas",2009,6,4691,1001824336,166600,24677,6.5,2009.41666666667
"302",302,2172,"Dallas",2009,7,4865,1004407059,163400,24387,6.5,2009.5
"303",303,2173,"Dallas",2009,8,4193,874205286,159600,23827,6.4,2009.58333333333
"304",304,2174,"Dallas",2009,9,4045,809693379,155700,22979,6.2,2009.66666666667
"305",305,2175,"Dallas",2009,10,4150,806442505,152700,22128,5.9,2009.75
"306",306,2176,"Dallas",2009,11,3773,741958892,151200,21552,5.6,2009.83333333333
"307",307,2177,"Dallas",2009,12,3405,691986697,149800,20260,5.3,2009.91666666667
"308",308,2178,"Dallas",2010,1,2210,420140118,140800,21825,5.7,2010
"309",309,2179,"Dallas",2010,2,2774,548903564,149800,22991,6.1,2010.08333333333
"310",310,2180,"Dallas",2010,3,4082,824662535,156800,24125,6.3,2010.16666666667
"311",311,2181,"Dallas",2010,4,4791,1005356810,160100,24290,6.2,2010.25
"312",312,2182,"Dallas",2010,5,4891,1025677623,161900,25680,6.4,2010.33333333333
"313",313,2183,"Dallas",2010,6,4658,1055526309,166700,26812,6.7,2010.41666666667
"314",314,2184,"Dallas",2010,7,3363,782294206,167800,27709,7.2,2010.5
"315",315,2185,"Dallas",2010,8,3476,738748272,164900,27346,7.2,2010.58333333333
"316",316,2186,"Dallas",2010,9,3151,651529718,155200,26745,7.2,2010.66666666667
"317",317,2187,"Dallas",2010,10,2977,606133350,154100,25688,7.1,2010.75
"318",318,2188,"Dallas",2010,11,2795,608685059,154900,24254,6.8,2010.83333333333
"319",319,2189,"Dallas",2010,12,3215,743761990,161900,22557,6.4,2010.91666666667
"320",320,2190,"Dallas",2011,1,2194,440255555,149900,22432,6.4,2011
"321",321,2191,"Dallas",2011,2,2494,536086749,156700,22868,6.5,2011.08333333333
"322",322,2192,"Dallas",2011,3,3603,765050217,152400,23641,6.8,2011.16666666667
"323",323,2193,"Dallas",2011,4,3804,834184034,158200,24218,7.2,2011.25
"324",324,2194,"Dallas",2011,5,4099,912861330,163600,24258,7.3,2011.33333333333
"325",325,2195,"Dallas",2011,6,4541,1009183879,165700,23968,7.2,2011.41666666667
"326",326,2196,"Dallas",2011,7,4063,879245704,164000,23300,6.9,2011.5
"327",327,2197,"Dallas",2011,8,4467,972011821,162600,21860,6.3,2011.58333333333
"328",328,2198,"Dallas",2011,9,3564,710642787,157200,20823,6,2011.66666666667
"329",329,2199,"Dallas",2011,10,3263,669233033,153100,19959,5.7,2011.75
"330",330,2200,"Dallas",2011,11,3183,615547826,149400,18690,5.3,2011.83333333333
"331",331,2201,"Dallas",2011,12,3381,726947587,160300,16676,4.7,2011.91666666667
"332",332,2202,"Dallas",2012,1,2555,509458081,150800,16721,4.7,2012
"333",333,2203,"Dallas",2012,2,3085,634067291,157100,17173,4.7,2012.08333333333
"334",334,2204,"Dallas",2012,3,4068,898320563,167300,17433,4.7,2012.16666666667
"335",335,2205,"Dallas",2012,4,4291,983333297,168700,17632,4.7,2012.25
"336",336,2206,"Dallas",2012,5,5004,1175419749,175100,17726,4.7,2012.33333333333
"337",337,2207,"Dallas",2012,6,5196,1209024869,177900,17587,4.6,2012.41666666667
"338",338,2208,"Dallas",2012,7,4859,1117428758,176000,17314,4.4,2012.5
"339",339,2209,"Dallas",2012,8,5264,1168296112,174200,16611,4.2,2012.58333333333
"340",340,2210,"Dallas",2012,9,4151,921678400,173500,15994,4,2012.66666666667
"341",341,2211,"Dallas",2012,10,4214,885330428,166700,15008,3.7,2012.75
"342",342,2212,"Dallas",2012,11,3875,851505972,168300,13908,3.3,2012.83333333333
"343",343,2213,"Dallas",2012,12,3849,886692144,177800,12436,3,2012.91666666667
"344",344,2214,"Dallas",2013,1,3190,655201227,163100,12360,2.9,2013
"345",345,2215,"Dallas",2013,2,3557,759739139,168100,12273,2.9,2013.08333333333
"346",346,2216,"Dallas",2013,3,5041,1203754457,180800,12249,2.8,2013.16666666667
"347",347,2217,"Dallas",2013,4,5545,1431377905,193300,12432,2.8,2013.25
"348",348,2218,"Dallas",2013,5,6159,1584160079,198000,12785,2.8,2013.33333333333
"349",349,2219,"Dallas",2013,6,5981,1593190134,202800,13339,2.9,2013.41666666667
"350",350,2220,"Dallas",2013,7,6322,1598961793,199200,13685,2.9,2013.5
"351",351,2221,"Dallas",2013,8,6209,1570480866,198000,13694,2.8,2013.58333333333
"352",352,2222,"Dallas",2013,9,4941,1181585876,188800,13145,2.7,2013.66666666667
"353",353,2223,"Dallas",2013,10,4593,1105924279,189200,12728,2.6,2013.75
"354",354,2224,"Dallas",2013,11,3964,968261356,186600,11895,2.4,2013.83333333333
"355",355,2225,"Dallas",2013,12,4212,1071755610,194900,10531,2.1,2013.91666666667
"356",356,2226,"Dallas",2014,1,3152,720647942,180300,10603,2.1,2014
"357",357,2227,"Dallas",2014,2,3769,963263681,194600,10697,2.1,2014.08333333333
"358",358,2228,"Dallas",2014,3,4730,1229703296,199300,10796,2.2,2014.16666666667
"359",359,2229,"Dallas",2014,4,5165,1381342187,202300,11416,2.3,2014.25
"360",360,2230,"Dallas",2014,5,5924,1618432082,209700,12208,2.5,2014.33333333333
"361",361,2231,"Dallas",2014,6,6309,1703805588,217100,12432,2.5,2014.41666666667
"362",362,2232,"Dallas",2014,7,6256,1695109572,215800,12869,2.6,2014.5
"363",363,2233,"Dallas",2014,8,5924,1547392167,211400,12600,2.6,2014.58333333333
"364",364,2234,"Dallas",2014,9,5137,1338038367,205800,11903,2.4,2014.66666666667
"365",365,2235,"Dallas",2014,10,5096,1330991006,200400,11329,2.3,2014.75
"366",366,2236,"Dallas",2014,11,3958,1034129843,205200,10441,2.1,2014.83333333333
"367",367,2237,"Dallas",2014,12,4734,1311403538,217400,9146,1.8,2014.91666666667
"368",368,2238,"Dallas",2015,1,3066,773952769,203300,9063,1.8,2015
"369",369,2239,"Dallas",2015,2,3772,1030862233,213700,8850,1.8,2015.08333333333
"370",370,2240,"Dallas",2015,3,5010,1408782357,224800,8932,1.8,2015.16666666667
"371",371,2241,"Dallas",2015,4,5359,1557683074,232500,9616,1.9,2015.25
"372",372,2242,"Dallas",2015,5,5958,1779708059,241300,10355,2.1,2015.33333333333
"373",373,2243,"Dallas",2015,6,6532,1960556658,242300,11014,2.2,2015.41666666667
"374",374,2244,"Dallas",2015,7,7038,2021907410,233000,12292,2.4,2015.5
"375",375,2432,"El Paso",2000,1,306,31525000,82100,2512,5.8,2000
"376",376,2433,"El Paso",2000,2,346,32300000,76600,2572,5.9,2000.08333333333
"377",377,2434,"El Paso",2000,3,492,47505000,77100,2549,5.8,2000.16666666667
"378",378,2435,"El Paso",2000,4,382,37915000,79400,2525,5.9,2000.25
"379",379,2436,"El Paso",2000,5,459,43335000,80100,2552,5.9,2000.33333333333
"380",380,2437,"El Paso",2000,6,486,47880000,83200,NA,NA,2000.41666666667
"381",381,2438,"El Paso",2000,7,422,42925000,82600,2685,6.4,2000.5
"382",382,2439,"El Paso",2000,8,538,53800000,81700,3396,8,2000.58333333333
"383",383,2440,"El Paso",2000,9,382,36775000,78300,2661,6.3,2000.66666666667
"384",384,2441,"El Paso",2000,10,392,40535000,81900,2704,6.5,2000.75
"385",385,2442,"El Paso",2000,11,412,41830000,84300,2704,6.5,2000.83333333333
"386",386,2443,"El Paso",2000,12,492,45465000,80400,2426,5.7,2000.91666666667
"387",387,2444,"El Paso",2001,1,327,34190000,86000,2588,6.1,2001
"388",388,2445,"El Paso",2001,2,351,35830000,80500,2687,6.3,2001.08333333333
"389",389,2446,"El Paso",2001,3,441,42450000,82800,3420,8.1,2001.16666666667
"390",390,2447,"El Paso",2001,4,402,41400000,86400,3523,8.3,2001.25
"391",391,2448,"El Paso",2001,5,495,50430000,85600,3514,8.2,2001.33333333333
"392",392,2449,"El Paso",2001,6,479,57990000,99400,3482,8.1,2001.41666666667
"393",393,2450,"El Paso",2001,7,464,49740000,88500,3514,8.1,2001.5
"394",394,2451,"El Paso",2001,8,478,50295000,90600,3515,8.2,2001.58333333333
"395",395,2452,"El Paso",2001,9,415,45305000,87900,3515,8.2,2001.66666666667
"396",396,2453,"El Paso",2001,10,443,46120000,86600,3352,7.7,2001.75
"397",397,2454,"El Paso",2001,11,381,39455000,84500,3213,7.5,2001.83333333333
"398",398,2455,"El Paso",2001,12,381,39040000,83100,2979,7.1,2001.91666666667
"399",399,2456,"El Paso",2002,1,411,41360000,84700,3117,7.3,2002
"400",400,2457,"El Paso",2002,2,354,38655000,86600,3070,7.2,2002.08333333333
"401",401,2458,"El Paso",2002,3,437,46940000,87900,3127,7.3,2002.16666666667
"402",402,2459,"El Paso",2002,4,569,54015000,82300,3107,7,2002.25
"403",403,2460,"El Paso",2002,5,416,44530000,87900,3114,7.1,2002.33333333333
"404",404,2461,"El Paso",2002,6,449,50530000,93400,3187,7.4,2002.41666666667
"405",405,2462,"El Paso",2002,7,469,54775000,92400,3236,7.5,2002.5
"406",406,2463,"El Paso",2002,8,506,54035000,88500,3288,7.5,2002.58333333333
"407",407,2464,"El Paso",2002,9,453,47495000,88400,3284,7.5,2002.66666666667
"408",408,2465,"El Paso",2002,10,558,63565000,94800,3289,7.3,2002.75
"409",409,2466,"El Paso",2002,11,401,45815000,90400,3072,6.8,2002.83333333333
"410",410,2467,"El Paso",2002,12,411,44880000,88700,2853,6.3,2002.91666666667
"411",411,2468,"El Paso",2003,1,383,42705000,88600,2991,6.6,2003
"412",412,2469,"El Paso",2003,2,355,38205000,89900,3063,6.8,2003.08333333333
"413",413,2470,"El Paso",2003,3,577,61185000,86100,3289,7.1,2003.16666666667
"414",414,2471,"El Paso",2003,4,503,54185000,88100,3282,7.2,2003.25
"415",415,2472,"El Paso",2003,5,557,58245000,89000,3004,6.4,2003.33333333333
"416",416,2473,"El Paso",2003,6,540,66375000,1e+05,3108,6.5,2003.41666666667
"417",417,2474,"El Paso",2003,7,551,65955000,96900,3228,6.7,2003.5
"418",418,2475,"El Paso",2003,8,584,66400000,95700,3233,6.6,2003.58333333333
"419",419,2476,"El Paso",2003,9,602,66640000,92600,3291,6.6,2003.66666666667
"420",420,2477,"El Paso",2003,10,551,62140000,92100,3242,6.5,2003.75
"421",421,2478,"El Paso",2003,11,427,46840000,92200,3173,6.3,2003.83333333333
"422",422,2479,"El Paso",2003,12,609,71320000,97800,2929,5.6,2003.91666666667
"423",423,2480,"El Paso",2004,1,435,48330000,93500,3028,5.8,2004
"424",424,2481,"El Paso",2004,2,441,48215000,89600,3162,6,2004.08333333333
"425",425,2482,"El Paso",2004,3,551,60105000,89000,3288,6.2,2004.16666666667
"426",426,2483,"El Paso",2004,4,579,64980000,89900,3320,6.2,2004.25
"427",427,2484,"El Paso",2004,5,576,68890000,97500,3271,6.1,2004.33333333333
"428",428,2485,"El Paso",2004,6,586,72925000,97200,NA,NA,2004.41666666667
"429",429,2486,"El Paso",2004,7,619,77745000,99900,NA,NA,2004.5
"430",430,2487,"El Paso",2004,8,462,54045000,95400,NA,NA,2004.58333333333
"431",431,2488,"El Paso",2004,9,294,29910000,85800,NA,NA,2004.66666666667
"432",432,2489,"El Paso",2004,10,484,56625000,94800,NA,NA,2004.75
"433",433,2490,"El Paso",2004,11,470,55690000,96200,NA,NA,2004.83333333333
"434",434,2491,"El Paso",2004,12,467,56610000,98200,NA,NA,2004.91666666667
"435",435,2492,"El Paso",2005,1,229,28630000,99200,NA,NA,2005
"436",436,2493,"El Paso",2005,2,374,45825000,103400,NA,NA,2005.08333333333
"437",437,2494,"El Paso",2005,3,576,72700000,108700,NA,NA,2005.16666666667
"438",438,2495,"El Paso",2005,4,547,68630000,107000,NA,NA,2005.25
"439",439,2496,"El Paso",2005,5,559,71090000,104300,NA,NA,2005.33333333333
"440",440,2497,"El Paso",2005,6,421,49230000,106100,NA,NA,2005.41666666667
"441",441,2498,"El Paso",2005,7,420,49900000,110400,NA,NA,2005.5
"442",442,2499,"El Paso",2005,8,443,51935000,109800,NA,NA,2005.58333333333
"443",443,2500,"El Paso",2005,9,356,42290000,111300,NA,NA,2005.66666666667
"444",444,2501,"El Paso",2005,10,513,70200000,113700,NA,NA,2005.75
"445",445,2502,"El Paso",2005,11,470,66360000,120000,NA,NA,2005.83333333333
"446",446,2503,"El Paso",2005,12,444,64555000,124700,NA,NA,2005.91666666667
"447",447,2504,"El Paso",2006,1,388,53090000,112500,NA,NA,2006
"448",448,2505,"El Paso",2006,2,448,63160000,120400,NA,NA,2006.08333333333
"449",449,2506,"El Paso",2006,3,637,93655000,125900,NA,NA,2006.16666666667
"450",450,2507,"El Paso",2006,4,518,73125000,120400,NA,NA,2006.25
"451",451,2508,"El Paso",2006,5,607,95935000,128600,NA,NA,2006.33333333333
"452",452,2509,"El Paso",2006,6,659,101085000,129900,1769,3.6,2006.41666666667
"453",453,2510,"El Paso",2006,7,620,95010000,129600,2178,4.3,2006.5
"454",454,2511,"El Paso",2006,8,774,117570000,129500,2300,4.3,2006.58333333333
"455",455,2512,"El Paso",2006,9,646,99280000,127000,2578,4.6,2006.66666666667
"456",456,2513,"El Paso",2006,10,557,87815000,131000,2548,4.5,2006.75
"457",457,2514,"El Paso",2006,11,556,85835000,131400,2711,4.7,2006.83333333333
"458",458,2515,"El Paso",2006,12,555,88225000,133800,2554,4.4,2006.91666666667
"459",459,2516,"El Paso",2007,1,492,70090000,124800,2554,4.3,2007
"460",460,2517,"El Paso",2007,2,503,76125000,124000,2787,4.7,2007.08333333333
"461",461,2518,"El Paso",2007,3,612,94925000,129200,1272,2.2,2007.16666666667
"462",462,2519,"El Paso",2007,4,642,96675000,128100,3241,5.4,2007.25
"463",463,2520,"El Paso",2007,5,640,97535000,130200,3159,5.2,2007.33333333333
"464",464,2521,"El Paso",2007,6,607,100975000,138900,3589,6,2007.41666666667
"465",465,2522,"El Paso",2007,7,573,91810000,134200,3791,6.4,2007.5
"466",466,2523,"El Paso",2007,8,554,91570000,138900,3874,6.7,2007.58333333333
"467",467,2524,"El Paso",2007,9,409,64025000,136000,4024,7.2,2007.66666666667
"468",468,2525,"El Paso",2007,10,439,68665000,130900,4337,7.9,2007.75
"469",469,2526,"El Paso",2007,11,387,64305000,133600,4292,8,2007.83333333333
"470",470,2527,"El Paso",2007,12,362,55590000,133500,4625,8.9,2007.91666666667
"471",471,2528,"El Paso",2008,1,299,47445000,133200,4254,8.5,2008
"472",472,2529,"El Paso",2008,2,328,53395000,133800,4374,9,2008.08333333333
"473",473,2530,"El Paso",2008,3,419,66165000,128700,4714,10,2008.16666666667
"474",474,2531,"El Paso",2008,4,292,44510000,126700,4840,10.9,2008.25
"475",475,2532,"El Paso",2008,5,429,70460000,137800,5155,12.1,2008.33333333333
"476",476,2533,"El Paso",2008,6,487,82190000,142800,5127,12.4,2008.41666666667
"477",477,2534,"El Paso",2008,7,502,81170000,138500,5012,12.3,2008.5
"478",478,2535,"El Paso",2008,8,433,69510000,133300,5085,12.7,2008.58333333333
"479",479,2536,"El Paso",2008,9,449,71575000,134300,5096,12.7,2008.66666666667
"480",480,2537,"El Paso",2008,10,413,65445000,130500,5040,12.6,2008.75
"481",481,2538,"El Paso",2008,11,362,56495000,132800,4773,12,2008.83333333333
"482",482,2539,"El Paso",2008,12,363,58035000,136300,4454,11.2,2008.91666666667
"483",483,2540,"El Paso",2009,1,304,47945000,126900,4499,11.3,2009
"484",484,2541,"El Paso",2009,2,326,49735000,130900,4530,11.4,2009.08333333333
"485",485,2542,"El Paso",2009,3,435,67210000,133500,4578,11.5,2009.16666666667
"486",486,2543,"El Paso",2009,4,381,59250000,128100,3982,9.8,2009.25
"487",487,2544,"El Paso",2009,5,440,65430000,126800,3940,9.7,2009.33333333333
"488",488,2545,"El Paso",2009,6,481,75185000,134500,3749,9.2,2009.41666666667
"489",489,2546,"El Paso",2009,7,478,75075000,135200,3704,9.1,2009.5
"490",490,2547,"El Paso",2009,8,485,72785000,129600,3681,9,2009.58333333333
"491",491,2548,"El Paso",2009,9,485,73355000,130000,3610,8.7,2009.66666666667
"492",492,2549,"El Paso",2009,10,541,80732411,131000,3580,8.5,2009.75
"493",493,2550,"El Paso",2009,11,570,84270000,131900,3549,8.1,2009.83333333333
"494",494,2551,"El Paso",2009,12,444,68485000,135000,3375,7.5,2009.91666666667
"495",495,2552,"El Paso",2010,1,253,39460000,130700,3310,7.5,2010
"496",496,2553,"El Paso",2010,2,363,51595323,126300,3321,7.4,2010.08333333333
"497",497,2554,"El Paso",2010,3,509,75064093,126900,3320,7.3,2010.16666666667
"498",498,2555,"El Paso",2010,4,525,79751467,132200,3162,6.8,2010.25
"499",499,2556,"El Paso",2010,5,569,84903498,133200,NA,NA,2010.33333333333
"500",500,2557,"El Paso",2010,6,736,110312451,132600,3371,6.8,2010.41666666667
"501",501,2558,"El Paso",2010,7,417,65596150,139800,3348,6.8,2010.5
"502",502,2559,"El Paso",2010,8,437,72108549,137300,3381,6.9,2010.58333333333
"503",503,2560,"El Paso",2010,9,463,74459888,137000,3357,6.9,2010.66666666667
"504",504,2561,"El Paso",2010,10,416,62499510,134400,3322,7,2010.75
"505",505,2562,"El Paso",2010,11,392,57297072,134100,3236,7,2010.83333333333
"506",506,2563,"El Paso",2010,12,464,70498267,134100,3076,6.7,2010.91666666667
"507",507,2564,"El Paso",2011,1,339,66136913,127900,3084,6.6,2011
"508",508,2565,"El Paso",2011,2,287,44840808,134500,3023,6.5,2011.08333333333
"509",509,2566,"El Paso",2011,3,409,63884923,131800,2981,6.6,2011.16666666667
"510",510,2567,"El Paso",2011,4,423,74429226,133300,3149,7.1,2011.25
"511",511,2568,"El Paso",2011,5,414,61624856,130000,3188,7.4,2011.33333333333
"512",512,2569,"El Paso",2011,6,462,71212091,134200,3266,8,2011.41666666667
"513",513,2570,"El Paso",2011,7,466,72366107,133900,3208,7.7,2011.5
"514",514,2571,"El Paso",2011,8,544,86547783,140300,3122,7.4,2011.58333333333
"515",515,2572,"El Paso",2011,9,433,64083406,131200,3288,7.8,2011.66666666667
"516",516,2573,"El Paso",2011,10,432,67015215,136900,3149,7.5,2011.75
"517",517,2574,"El Paso",2011,11,375,60621910,137500,3047,7.2,2011.83333333333
"518",518,2575,"El Paso",2011,12,420,65448640,135700,2881,6.9,2011.91666666667
"519",519,2576,"El Paso",2012,1,307,45712532,130600,2991,7.2,2012
"520",520,2577,"El Paso",2012,2,366,57403675,136000,3017,7.2,2012.08333333333
"521",521,2578,"El Paso",2012,3,402,58016313,127700,3235,7.7,2012.16666666667
"522",522,2579,"El Paso",2012,4,452,71253910,136000,3227,7.6,2012.25
"523",523,2580,"El Paso",2012,5,484,75158752,136100,3169,7.4,2012.33333333333
"524",524,2581,"El Paso",2012,6,511,77261827,136400,3242,7.5,2012.41666666667
"525",525,2582,"El Paso",2012,7,505,78377697,140700,3411,7.8,2012.5
"526",526,2583,"El Paso",2012,8,532,87310524,145100,3351,7.7,2012.58333333333
"527",527,2584,"El Paso",2012,9,504,78251266,138100,3362,7.6,2012.66666666667
"528",528,2585,"El Paso",2012,10,535,86929465,140100,3168,7,2012.75
"529",529,2586,"El Paso",2012,11,466,73476562,143300,3223,7.1,2012.83333333333
"530",530,2587,"El Paso",2012,12,521,84987737,148300,3157,6.8,2012.91666666667
"531",531,2588,"El Paso",2013,1,398,58368066,135300,3463,7.3,2013
"532",532,2589,"El Paso",2013,2,350,54151438,139000,3425,7.3,2013.08333333333
"533",533,2590,"El Paso",2013,3,466,73085856,141600,3524,7.4,2013.16666666667
"534",534,2591,"El Paso",2013,4,527,82563837,137000,3461,7.2,2013.25
"535",535,2592,"El Paso",2013,5,487,73624545,136500,3699,7.7,2013.33333333333
"536",536,2593,"El Paso",2013,6,498,81724185,142900,3656,7.6,2013.41666666667
"537",537,2594,"El Paso",2013,7,635,106165925,146800,3851,7.8,2013.5
"538",538,2595,"El Paso",2013,8,542,88342876,144800,3797,7.7,2013.58333333333
"539",539,2596,"El Paso",2013,9,503,79215386,138600,3904,7.9,2013.66666666667
"540",540,2597,"El Paso",2013,10,483,80904868,143900,3884,7.9,2013.75
"541",541,2598,"El Paso",2013,11,386,60618046,140000,3804,7.9,2013.83333333333
"542",542,2599,"El Paso",2013,12,531,84374310,146100,3690,7.6,2013.91666666667
"543",543,2600,"El Paso",2014,1,363,55617304,135200,3883,8.1,2014
"544",544,2601,"El Paso",2014,2,398,59820714,136300,3973,8.2,2014.08333333333
"545",545,2602,"El Paso",2014,3,523,79870996,137300,4059,8.3,2014.16666666667
"546",546,2603,"El Paso",2014,4,559,85145747,134400,4095,8.3,2014.25
"547",547,2604,"El Paso",2014,5,519,83233666,143000,4100,8.3,2014.33333333333
"548",548,2605,"El Paso",2014,6,646,106404891,146300,3945,7.8,2014.41666666667
"549",549,2606,"El Paso",2014,7,607,100745229,147500,4210,8.3,2014.5
"550",550,2607,"El Paso",2014,8,542,84329540,138300,4199,8.3,2014.58333333333
"551",551,2608,"El Paso",2014,9,504,76174388,137600,4159,8.2,2014.66666666667
"552",552,2609,"El Paso",2014,10,512,82484157,147600,4157,8.2,2014.75
"553",553,2610,"El Paso",2014,11,470,71246238,138900,3950,7.7,2014.83333333333
"554",554,2611,"El Paso",2014,12,542,84854214,143900,3830,7.4,2014.91666666667
"555",555,2612,"El Paso",2015,1,406,62708001,135200,3995,7.7,2015
"556",556,2613,"El Paso",2015,2,381,61029887,139000,4070,7.9,2015.08333333333
"557",557,2614,"El Paso",2015,3,598,93910307,141200,3857,7.4,2015.16666666667
"558",558,2615,"El Paso",2015,4,639,96110781,134500,4050,7.6,2015.25
"559",559,2616,"El Paso",2015,5,601,95444098,145100,3956,7.4,2015.33333333333
"560",560,2617,"El Paso",2015,6,689,118116401,147700,4105,7.6,2015.41666666667
"561",561,2618,"El Paso",2015,7,680,113660791,148600,4145,7.6,2015.5
"562",562,3554,"Houston",2000,1,2653,381805283,102500,16768,3.9,2000
"563",563,3555,"Houston",2000,2,3687,536456803,110300,16933,3.9,2000.08333333333
"564",564,3556,"Houston",2000,3,4733,709112659,109500,17058,3.9,2000.16666666667
"565",565,3557,"Houston",2000,4,4364,649712779,110800,17716,4.1,2000.25
"566",566,3558,"Houston",2000,5,5215,809459231,112700,18461,4.2,2000.33333333333
"567",567,3559,"Houston",2000,6,5655,887396592,117900,18959,4.3,2000.41666666667
"568",568,3560,"Houston",2000,7,5009,770284031,118300,19391,4.4,2000.5
"569",569,3561,"Houston",2000,8,5134,800032008,114600,19534,4.5,2000.58333333333
"570",570,3562,"Houston",2000,9,4262,671716256,115900,19558,4.5,2000.66666666667
"571",571,3563,"Houston",2000,10,4068,621419904,112400,19752,4.5,2000.75
"572",572,3564,"Houston",2000,11,3729,571270375,115200,19190,4.4,2000.83333333333
"573",573,3565,"Houston",2000,12,3950,632500396,119300,18296,4.2,2000.91666666667
"574",574,3566,"Houston",2001,1,2789,412051003,111900,19097,4.4,2001
"575",575,3567,"Houston",2001,2,3495,538463336,114400,19628,4.5,2001.08333333333
"576",576,3568,"Houston",2001,3,4689,739260418,116300,20487,4.7,2001.16666666667
"577",577,3569,"Houston",2001,4,4697,749626772,122300,21307,4.9,2001.25
"578",578,3570,"Houston",2001,5,5435,856531025,122500,21713,4.9,2001.33333333333
"579",579,3571,"Houston",2001,6,5501,909778437,127500,21895,5,2001.41666666667
"580",580,3572,"Houston",2001,7,5424,903061633,127500,21791,4.9,2001.5
"581",581,3573,"Houston",2001,8,5544,883998928,124200,21871,4.9,2001.58333333333
"582",582,3574,"Houston",2001,9,4048,628710385,119700,NA,NA,2001.66666666667
"583",583,3575,"Houston",2001,10,4085,618193358,117100,21988,4.9,2001.75
"584",584,3576,"Houston",2001,11,3859,592342276,120400,21196,4.8,2001.83333333333
"585",585,3577,"Houston",2001,12,4290,709005372,128300,20029,4.5,2001.91666666667
"586",586,3578,"Houston",2002,1,3431,510956444,119300,20898,4.6,2002
"587",587,3579,"Houston",2002,2,3873,611515214,124900,21140,4.6,2002.08333333333
"588",588,3580,"Houston",2002,3,4629,774677516,127600,21594,4.7,2002.16666666667
"589",589,3581,"Houston",2002,4,5048,847671964,128100,22543,4.9,2002.25
"590",590,3582,"Houston",2002,5,5649,955681791,130200,23439,5.1,2002.33333333333
"591",591,3583,"Houston",2002,6,5464,958205193,133300,24637,5.3,2002.41666666667
"592",592,3584,"Houston",2002,7,5616,966135006,132000,25643,5.5,2002.5
"593",593,3585,"Houston",2002,8,5245,875626270,130900,26281,5.7,2002.58333333333
"594",594,3586,"Houston",2002,9,4517,760325539,131100,26508,5.7,2002.66666666667
"595",595,3587,"Houston",2002,10,4498,737965003,127100,26838,5.7,2002.75
"596",596,3588,"Houston",2002,11,3867,638104662,130400,26519,5.7,2002.83333333333
"597",597,3589,"Houston",2002,12,4726,849532065,136600,25537,5.4,2002.91666666667
"598",598,3590,"Houston",2003,1,3440,541782996,126800,27004,5.7,2003
"599",599,3591,"Houston",2003,2,3846,608855630,127900,27447,5.8,2003.08333333333
"600",600,3592,"Houston",2003,3,4720,783543888,129400,28199,6,2003.16666666667
"601",601,3593,"Houston",2003,4,4905,820501550,131900,28823,6.1,2003.25
"602",602,3594,"Houston",2003,5,5797,983538555,131700,29670,6.3,2003.33333333333
"603",603,3595,"Houston",2003,6,5986,1056245238,138300,30818,6.5,2003.41666666667
"604",604,3596,"Houston",2003,7,6127,1119016580,141500,31412,6.5,2003.5
"605",605,3597,"Houston",2003,8,5950,1028829788,136900,31247,6.4,2003.58333333333
"606",606,3598,"Houston",2003,9,5334,908966745,132600,31660,6.4,2003.66666666667
"607",607,3599,"Houston",2003,10,5141,878362276,128400,31489,6.3,2003.75
"608",608,3600,"Houston",2003,11,4003,694419416,130100,30956,6.2,2003.83333333333
"609",609,3601,"Houston",2003,12,5483,993712106,134800,28845,5.7,2003.91666666667
"610",610,3602,"Houston",2004,1,3442,550559098,124500,30487,6,2004
"611",611,3603,"Houston",2004,2,4321,728216739,130500,31021,6.1,2004.08333333333
"612",612,3604,"Houston",2004,3,5724,965503448,130500,32625,6.3,2004.16666666667
"613",613,3605,"Houston",2004,4,5901,1041248728,134300,33720,6.4,2004.25
"614",614,3606,"Houston",2004,5,6048,1103057472,136900,34589,6.5,2004.33333333333
"615",615,3607,"Houston",2004,6,7033,1303781778,141400,35039,6.5,2004.41666666667
"616",616,3608,"Houston",2004,7,6530,1154131493,135900,35565,6.6,2004.5
"617",617,3609,"Houston",2004,8,6428,1119568769,135900,35509,6.5,2004.58333333333
"618",618,3610,"Houston",2004,9,5537,983442963,134000,35499,6.5,2004.66666666667
"619",619,3611,"Houston",2004,10,5241,898185035,131900,35390,6.5,2004.75
"620",620,3612,"Houston",2004,11,4847,844153374,131800,34338,6.2,2004.83333333333
"621",621,3613,"Houston",2004,12,5927,1084532175,137800,32291,5.8,2004.91666666667
"622",622,3614,"Houston",2005,1,3605,614406790,131800,33758,6,2005
"623",623,3615,"Houston",2005,2,4555,800622824,136000,34426,6.1,2005.08333333333
"624",624,3616,"Houston",2005,3,5995,1064201491,136200,35353,6.3,2005.16666666667
"625",625,3617,"Houston",2005,4,6176,1133186288,136700,36439,6.4,2005.25
"626",626,3618,"Houston",2005,5,7162,1329864173,142200,37109,6.5,2005.33333333333
"627",627,3619,"Houston",2005,6,7466,1420009610,144800,37470,6.5,2005.41666666667
"628",628,3620,"Houston",2005,7,7190,1360003590,144300,37481,6.4,2005.5
"629",629,3621,"Houston",2005,8,7424,1386229065,143400,37099,6.3,2005.58333333333
"630",630,3622,"Houston",2005,9,5597,1046392311,144100,35905,6.1,2005.66666666667
"631",631,3623,"Houston",2005,10,5837,1083277633,141500,35393,5.9,2005.75
"632",632,3624,"Houston",2005,11,5299,1007611239,144400,34296,5.7,2005.83333333333
"633",633,3625,"Houston",2005,12,6494,1258397591,147700,32147,5.3,2005.91666666667
"634",634,3626,"Houston",2006,1,4122,727754470,137600,33203,5.4,2006
"635",635,3627,"Houston",2006,2,5313,1006142279,142600,33373,5.4,2006.08333333333
"636",636,3628,"Houston",2006,3,7348,1393190762,142300,34364,5.5,2006.16666666667
"637",637,3629,"Houston",2006,4,6498,1244307093,145300,34786,5.5,2006.25
"638",638,3630,"Houston",2006,5,8040,1602621368,151200,35398,5.5,2006.33333333333
"639",639,3631,"Houston",2006,6,8628,1795898108,155200,36281,5.6,2006.41666666667
"640",640,3632,"Houston",2006,7,7479,1502690226,154900,37263,5.7,2006.5
"641",641,3633,"Houston",2006,8,7811,1535797377,151400,37588,5.7,2006.58333333333
"642",642,3634,"Houston",2006,9,6648,1299808129,149400,37683,5.7,2006.66666666667
"643",643,3635,"Houston",2006,10,6301,1175035976,144900,37670,5.7,2006.75
"644",644,3636,"Houston",2006,11,5953,1137231248,146800,36990,5.5,2006.83333333333
"645",645,3637,"Houston",2006,12,6853,1395627554,152500,34941,5.2,2006.91666666667
"646",646,3638,"Houston",2007,1,4645,829875082,141500,35809,5.3,2007
"647",647,3639,"Houston",2007,2,5525,1069620954,147200,36443,5.4,2007.08333333333
"648",648,3640,"Houston",2007,3,6775,1371736948,151500,38552,5.7,2007.16666666667
"649",649,3641,"Houston",2007,4,6809,1374714520,149300,40486,6,2007.25
"650",650,3642,"Houston",2007,5,7925,1662459290,154200,41864,6.2,2007.33333333333
"651",651,3643,"Houston",2007,6,7947,1704841459,158900,42766,6.4,2007.41666666667
"652",652,3644,"Houston",2007,7,7551,1559002866,154800,42919,6.4,2007.5
"653",653,3645,"Houston",2007,8,7856,1651039958,157300,43107,6.4,2007.58333333333
"654",654,3646,"Houston",2007,9,5581,1116470024,149900,43038,6.5,2007.66666666667
"655",655,3647,"Houston",2007,10,5848,1143651372,146500,42332,6.4,2007.75
"656",656,3648,"Houston",2007,11,5515,1098384062,148900,41069,6.3,2007.83333333333
"657",657,3649,"Houston",2007,12,5691,1207940109,154700,39100,6,2007.91666666667
"658",658,3650,"Houston",2008,1,4061,766263358,139500,39790,6.2,2008
"659",659,3651,"Houston",2008,2,5036,1013275596,151000,40104,6.3,2008.08333333333
"660",660,3652,"Houston",2008,3,5802,1174693656,151800,40896,6.5,2008.16666666667
"661",661,3653,"Houston",2008,4,6049,1230287377,150300,41214,6.6,2008.25
"662",662,3654,"Houston",2008,5,6781,1429360550,155800,41318,6.7,2008.33333333333
"663",663,3655,"Houston",2008,6,6981,1560573868,160100,41474,6.8,2008.41666666667
"664",664,3656,"Houston",2008,7,6718,1475562246,159900,41038,6.8,2008.5
"665",665,3657,"Houston",2008,8,6251,1375038936,158900,39203,6.7,2008.58333333333
"666",666,3658,"Houston",2008,9,4068,838147532,155300,37623,6.6,2008.66666666667
"667",667,3659,"Houston",2008,10,4710,900418006,141900,36308,6.4,2008.75
"668",668,3660,"Houston",2008,11,3731,690511609,137500,34493,6.3,2008.83333333333
"669",669,3661,"Houston",2008,12,4981,942586753,145200,31637,5.8,2008.91666666667
"670",670,3662,"Houston",2009,1,3108,512465082,130900,31654,5.9,2009
"671",671,3663,"Houston",2009,2,3785,677290700,137800,31999,6.1,2009.08333333333
"672",672,3664,"Houston",2009,3,4751,906519341,145500,32462,6.3,2009.16666666667
"673",673,3665,"Houston",2009,4,4617,883272862,149000,31772,6.3,2009.25
"674",674,3666,"Houston",2009,5,5227,1086192654,155800,31649,6.4,2009.33333333333
"675",675,3667,"Houston",2009,6,5990,1302481023,163400,32247,6.7,2009.41666666667
"676",676,3668,"Houston",2009,7,6327,1360027881,161300,32643,6.8,2009.5
"677",677,3669,"Houston",2009,8,5512,1143676294,158900,32108,6.8,2009.58333333333
"678",678,3670,"Houston",2009,9,5320,1068598207,155000,31579,6.5,2009.66666666667
"679",679,3671,"Houston",2009,10,5437,1055633161,147600,31378,6.4,2009.75
"680",680,3672,"Houston",2009,11,5084,989179001,150300,31384,6.3,2009.83333333333
"681",681,3673,"Houston",2009,12,4948,1050628808,151200,29964,6,2009.91666666667
"682",682,3674,"Houston",2010,1,2856,544338012,142300,31581,6.3,2010
"683",683,3675,"Houston",2010,2,3684,731357757,146500,32695,6.6,2010.08333333333
"684",684,3676,"Houston",2010,3,5389,1116539769,152300,34880,6.9,2010.16666666667
"685",685,3677,"Houston",2010,4,5932,1191105918,151800,34555,6.7,2010.25
"686",686,3678,"Houston",2010,5,6335,1289709166,152500,36724,7,2010.33333333333
"687",687,3679,"Houston",2010,6,6117,1324315238,156800,39303,7.5,2010.41666666667
"688",688,3680,"Houston",2010,7,4719,1028687548,157100,40409,7.9,2010.5
"689",689,3681,"Houston",2010,8,4691,994092936,156900,40154,8,2010.58333333333
"690",690,3682,"Houston",2010,9,4355,915074585,153200,39159,7.9,2010.66666666667
"691",691,3683,"Houston",2010,10,4075,824541611,148400,38114,7.9,2010.75
"692",692,3684,"Houston",2010,11,3924,842238262,150100,37031,7.8,2010.83333333333
"693",693,3685,"Houston",2010,12,4730,1028424811,157500,34971,7.4,2010.91666666667
"694",694,3686,"Houston",2011,1,3119,601936109,136500,35263,7.4,2011
"695",695,3687,"Houston",2011,2,3627,754302095,150900,35521,7.5,2011.08333333333
"696",696,3688,"Houston",2011,3,5077,1070346087,148500,36556,7.7,2011.16666666667
"697",697,3689,"Houston",2011,4,5162,1030866672,148800,37134,8,2011.25
"698",698,3690,"Houston",2011,5,5470,1173109967,154400,37182,8.1,2011.33333333333
"699",699,3691,"Houston",2011,6,6158,1375914670,159800,36929,8,2011.41666666667
"700",700,3692,"Houston",2011,7,5485,1199947148,158500,35841,7.7,2011.5
"701",701,3693,"Houston",2011,8,6028,1277659324,157600,34388,7.2,2011.58333333333
"702",702,3694,"Houston",2011,9,5061,1048997852,154700,33502,6.9,2011.66666666667
"703",703,3695,"Houston",2011,10,4433,901577534,150700,32431,6.7,2011.75
"704",704,3696,"Houston",2011,11,4273,882601259,153800,31055,6.4,2011.83333333333
"705",705,3697,"Houston",2011,12,4961,1076039647,160100,28741,5.9,2011.91666666667
"706",706,3698,"Houston",2012,1,3336,635855547,137800,28634,5.8,2012
"707",707,3699,"Houston",2012,2,4198,834998423,149200,28583,5.8,2012.08333333333
"708",708,3700,"Houston",2012,3,5389,1200579097,161700,28548,5.7,2012.16666666667
"709",709,3701,"Houston",2012,4,5629,1235085496,161100,29111,5.8,2012.25
"710",710,3702,"Houston",2012,5,6743,1565958406,168000,28819,5.6,2012.33333333333
"711",711,3703,"Houston",2012,6,6990,1620900791,170700,28834,5.5,2012.41666666667
"712",712,3704,"Houston",2012,7,6842,1541655520,169300,28514,5.4,2012.5
"713",713,3705,"Houston",2012,8,7112,1566297243,163900,27090,5,2012.58333333333
"714",714,3706,"Houston",2012,9,5479,1186230552,163300,26019,4.8,2012.66666666667
"715",715,3707,"Houston",2012,10,5866,1280422125,162100,24828,4.5,2012.75
"716",716,3708,"Houston",2012,11,5449,1231393037,166700,23592,4.2,2012.83333333333
"717",717,3709,"Houston",2012,12,5610,1335407998,171000,21632,3.8,2012.91666666667
"718",718,3710,"Houston",2013,1,4273,852045057,149500,21364,3.7,2013
"719",719,3711,"Houston",2013,2,4886,1060985674,161900,21293,3.6,2013.08333333333
"720",720,3712,"Houston",2013,3,6382,1479273481,172300,20909,3.5,2013.16666666667
"721",721,3713,"Houston",2013,4,7116,1770746764,182400,20607,3.4,2013.25
"722",722,3714,"Houston",2013,5,8439,2121508529,186100,20526,3.3,2013.33333333333
"723",723,3715,"Houston",2013,6,7935,2073909387,191600,21008,3.3,2013.41666666667
"724",724,3716,"Houston",2013,7,8468,2168720825,187800,21497,3.3,2013.5
"725",725,3717,"Houston",2013,8,8155,2083377894,186700,21366,3.3,2013.58333333333
"726",726,3718,"Houston",2013,9,6706,1638923780,180200,21207,3.2,2013.66666666667
"727",727,3719,"Houston",2013,10,6551,1544551772,176000,20508,3.1,2013.75
"728",728,3720,"Houston",2013,11,5557,1356418081,181400,19331,2.9,2013.83333333333
"729",729,3721,"Houston",2013,12,6380,1658872245,187500,17857,2.7,2013.91666666667
"730",730,3722,"Houston",2014,1,4418,1048623186,175600,17882,2.6,2014
"731",731,3723,"Houston",2014,2,5311,1299312313,182000,17623,2.6,2014.08333333333
"732",732,3724,"Houston",2014,3,6609,1699304949,191200,17857,2.6,2014.16666666667
"733",733,3725,"Houston",2014,4,7073,1878943009,194400,18029,2.7,2014.25
"734",734,3726,"Houston",2014,5,7877,2154791886,199300,18883,2.8,2014.33333333333
"735",735,3727,"Houston",2014,6,8391,2342443127,211200,19725,2.9,2014.41666666667
"736",736,3728,"Houston",2014,7,8391,2278932511,199700,20214,3,2014.5
"737",737,3729,"Houston",2014,8,8167,2195184825,202400,20007,2.9,2014.58333333333
"738",738,3730,"Houston",2014,9,7154,1890290143,195800,19566,2.9,2014.66666666667
"739",739,3731,"Houston",2014,10,7235,1862033446,191200,18976,2.8,2014.75
"740",740,3732,"Houston",2014,11,5661,1510435168,195200,18240,2.6,2014.83333333333
"741",741,3733,"Houston",2014,12,7125,1982236986,209100,17228,2.5,2014.91666666667
"742",742,3734,"Houston",2015,1,4494,1155508809,189300,18649,2.7,2015
"743",743,3735,"Houston",2015,2,5032,1286375234,196500,18811,2.7,2015.08333333333
"744",744,3736,"Houston",2015,3,6773,1839472566,205700,19286,2.8,2015.16666666667
"745",745,3737,"Houston",2015,4,7059,1942499557,207700,20099,2.9,2015.25
"746",746,3738,"Houston",2015,5,7357,2097957518,220100,21101,3.1,2015.33333333333
"747",747,3739,"Houston",2015,6,8449,2490238594,222400,22311,3.2,2015.41666666667
"748",748,3740,"Houston",2015,7,8945,2568156780,217600,23875,3.4,2015.5
"749",749,4676,"Lubbock",2000,1,110,11615000,86000,723,3.6,2000
"750",750,4677,"Lubbock",2000,2,182,19475000,82900,767,3.8,2000.08333333333
"751",751,4678,"Lubbock",2000,3,213,20790000,78200,764,3.8,2000.16666666667
"752",752,4679,"Lubbock",2000,4,213,21060000,81800,761,3.8,2000.25
"753",753,4680,"Lubbock",2000,5,240,22550000,82100,778,3.9,2000.33333333333
"754",754,4681,"Lubbock",2000,6,256,27920000,84200,754,3.8,2000.41666666667
"755",755,4682,"Lubbock",2000,7,223,23900000,83400,798,4.1,2000.5
"756",756,4683,"Lubbock",2000,8,243,24590000,82300,774,4,2000.58333333333
"757",757,4684,"Lubbock",2000,9,185,19315000,81600,801,4.1,2000.66666666667
"758",758,4685,"Lubbock",2000,10,148,15340000,87800,787,4,2000.75
"759",759,4686,"Lubbock",2000,11,137,12295339,73600,763,3.9,2000.83333333333
"760",760,4687,"Lubbock",2000,12,157,15420000,76600,717,3.7,2000.91666666667
"761",761,4688,"Lubbock",2001,1,156,14670000,81700,767,3.9,2001
"762",762,4689,"Lubbock",2001,2,166,16475000,77400,782,4,2001.08333333333
"763",763,4690,"Lubbock",2001,3,260,26265000,86200,810,4.1,2001.16666666667
"764",764,4691,"Lubbock",2001,4,200,19365000,82700,822,4.2,2001.25
"765",765,4692,"Lubbock",2001,5,253,26790000,84300,833,4.2,2001.33333333333
"766",766,4693,"Lubbock",2001,6,274,28600000,80600,862,4.3,2001.41666666667
"767",767,4694,"Lubbock",2001,7,280,30435000,86300,836,4.1,2001.5
"768",768,4695,"Lubbock",2001,8,260,26945000,83600,860,4.2,2001.58333333333
"769",769,4696,"Lubbock",2001,9,188,18945000,81100,850,4.1,2001.66666666667
"770",770,4697,"Lubbock",2001,10,210,21585000,88500,832,3.9,2001.75
"771",771,4698,"Lubbock",2001,11,169,18220000,86900,769,3.6,2001.83333333333
"772",772,4699,"Lubbock",2001,12,215,22300000,86500,711,3.2,2001.91666666667
"773",773,4700,"Lubbock",2002,1,154,15760000,81300,753,3.4,2002
"774",774,4701,"Lubbock",2002,2,218,21065000,80000,700,3.1,2002.08333333333
"775",775,4702,"Lubbock",2002,3,238,24215000,80500,681,3.1,2002.16666666667
"776",776,4703,"Lubbock",2002,4,252,26790000,88500,643,2.8,2002.25
"777",777,4704,"Lubbock",2002,5,330,35645000,88400,598,2.6,2002.33333333333
"778",778,4705,"Lubbock",2002,6,263,30800000,91600,639,2.8,2002.41666666667
"779",779,4706,"Lubbock",2002,7,271,30305000,89500,655,2.8,2002.5
"780",780,4707,"Lubbock",2002,8,297,34355000,92200,687,2.9,2002.58333333333
"781",781,4708,"Lubbock",2002,9,219,25090000,92400,718,3,2002.66666666667
"782",782,4709,"Lubbock",2002,10,221,24685000,88900,750,3.2,2002.75
"783",783,4710,"Lubbock",2002,11,186,20615000,85700,753,3.2,2002.83333333333
"784",784,4711,"Lubbock",2002,12,244,30370000,92100,697,2.9,2002.91666666667
"785",785,4712,"Lubbock",2003,1,172,20375000,88700,727,3,2003
"786",786,4713,"Lubbock",2003,2,186,20930000,87200,723,3,2003.08333333333
"787",787,4714,"Lubbock",2003,3,216,23980000,92600,711,3,2003.16666666667
"788",788,4715,"Lubbock",2003,4,291,33395000,92800,733,3,2003.25
"789",789,4716,"Lubbock",2003,5,301,34460000,88900,757,3.2,2003.33333333333
"790",790,4717,"Lubbock",2003,6,267,31450000,94500,798,3.3,2003.41666666667
"791",791,4718,"Lubbock",2003,7,301,35355000,99300,853,3.5,2003.5
"792",792,4719,"Lubbock",2003,8,362,42510000,98700,921,3.7,2003.58333333333
"793",793,4720,"Lubbock",2003,9,247,34085000,105700,990,4,2003.66666666667
"794",794,4721,"Lubbock",2003,10,241,28430000,91500,1027,4.1,2003.75
"795",795,4722,"Lubbock",2003,11,193,23695000,100500,1030,4.1,2003.83333333333
"796",796,4723,"Lubbock",2003,12,238,28310000,96100,966,3.8,2003.91666666667
"797",797,4724,"Lubbock",2004,1,146,16215000,89200,1012,4.1,2004
"798",798,4725,"Lubbock",2004,2,170,20650000,94400,1033,4.2,2004.08333333333
"799",799,4726,"Lubbock",2004,3,229,26830000,94500,1040,4.2,2004.16666666667
"800",800,4727,"Lubbock",2004,4,247,28940000,92800,1054,4.3,2004.25
"801",801,4728,"Lubbock",2004,5,330,39250000,93900,1065,4.3,2004.33333333333
"802",802,4729,"Lubbock",2004,6,339,41645000,98800,1104,4.4,2004.41666666667
"803",803,4730,"Lubbock",2004,7,358,42755000,100400,1162,4.5,2004.5
"804",804,4731,"Lubbock",2004,8,300,36730000,95800,1218,4.8,2004.58333333333
"805",805,4732,"Lubbock",2004,9,183,21140000,96600,1246,5,2004.66666666667
"806",806,4733,"Lubbock",2004,10,183,25285000,101700,1259,5.2,2004.75
"807",807,4734,"Lubbock",2004,11,191,24400000,101300,1226,5,2004.83333333333
"808",808,4735,"Lubbock",2004,12,222,27165000,100600,1176,4.9,2004.91666666667
"809",809,4736,"Lubbock",2005,1,154,16835000,86500,1241,5.1,2005
"810",810,4737,"Lubbock",2005,2,192,22210000,95000,1255,5.1,2005.08333333333
"811",811,4738,"Lubbock",2005,3,260,30585000,96700,1254,5.1,2005.16666666667
"812",812,4739,"Lubbock",2005,4,300,37660000,98600,1243,5,2005.25
"813",813,4740,"Lubbock",2005,5,318,38195000,99500,1308,5.2,2005.33333333333
"814",814,4741,"Lubbock",2005,6,338,42710000,105000,1309,5.2,2005.41666666667
"815",815,4742,"Lubbock",2005,7,371,45990000,99900,1421,5.7,2005.5
"816",816,4743,"Lubbock",2005,8,349,4e+07,93300,1459,5.7,2005.58333333333
"817",817,4744,"Lubbock",2005,9,261,32475000,98300,1448,5.5,2005.66666666667
"818",818,4745,"Lubbock",2005,10,262,33195000,101900,1435,5.4,2005.75
"819",819,4746,"Lubbock",2005,11,224,30975000,112600,1392,5.1,2005.83333333333
"820",820,4747,"Lubbock",2005,12,214,25875000,98600,1441,5.3,2005.91666666667
"821",821,4748,"Lubbock",2006,1,180,20580000,85400,1360,5,2006
"822",822,4749,"Lubbock",2006,2,227,29760000,107000,1382,5,2006.08333333333
"823",823,4750,"Lubbock",2006,3,277,33470000,94200,1446,5.2,2006.16666666667
"824",824,4751,"Lubbock",2006,4,289,34610000,99000,1461,5.3,2006.25
"825",825,4752,"Lubbock",2006,5,335,41035000,97100,1483,5.3,2006.33333333333
"826",826,4753,"Lubbock",2006,6,349,42415000,100200,1504,5.4,2006.41666666667
"827",827,4754,"Lubbock",2006,7,393,51165000,108500,1548,5.5,2006.5
"828",828,4755,"Lubbock",2006,8,341,45705000,107400,1555,5.6,2006.58333333333
"829",829,4756,"Lubbock",2006,9,234,30460000,101900,1624,5.9,2006.66666666667
"830",830,4757,"Lubbock",2006,10,238,28600000,98500,1582,5.8,2006.75
"831",831,4758,"Lubbock",2006,11,244,32095000,104800,1608,5.8,2006.83333333333
"832",832,4759,"Lubbock",2006,12,228,29760000,103800,1566,5.6,2006.91666666667
"833",833,4760,"Lubbock",2007,1,193,23880000,101000,1633,5.9,2007
"834",834,4761,"Lubbock",2007,2,237,30730000,103600,1661,5.9,2007.08333333333
"835",835,4762,"Lubbock",2007,3,327,43695000,102400,1636,5.8,2007.16666666667
"836",836,4763,"Lubbock",2007,4,285,33760000,100300,1681,5.9,2007.25
"837",837,4764,"Lubbock",2007,5,380,46560000,101800,1732,6,2007.33333333333
"838",838,4765,"Lubbock",2007,6,373,48930000,107200,1833,6.3,2007.41666666667
"839",839,4766,"Lubbock",2007,7,385,52710000,111900,1907,6.6,2007.5
"840",840,4767,"Lubbock",2007,8,353,46235000,104900,1894,6.5,2007.58333333333
"841",841,4768,"Lubbock",2007,9,214,26225000,97900,1873,6.5,2007.66666666667
"842",842,4769,"Lubbock",2007,10,252,34970000,109400,1813,6.3,2007.75
"843",843,4770,"Lubbock",2007,11,258,32910000,1e+05,1700,5.9,2007.83333333333
"844",844,4771,"Lubbock",2007,12,228,29050000,101200,1558,5.4,2007.91666666667
"845",845,4772,"Lubbock",2008,1,170,22580000,107700,1565,5.4,2008
"846",846,4773,"Lubbock",2008,2,222,28240000,101300,1534,5.3,2008.08333333333
"847",847,4774,"Lubbock",2008,3,299,38500000,104100,1539,5.4,2008.16666666667
"848",848,4775,"Lubbock",2008,4,322,43295000,108400,1540,5.3,2008.25
"849",849,4776,"Lubbock",2008,5,378,53910000,113100,1586,5.5,2008.33333333333
"850",850,4777,"Lubbock",2008,6,376,49610000,107100,1621,5.6,2008.41666666667
"851",851,4778,"Lubbock",2008,7,345,45255000,110000,1619,5.7,2008.5
"852",852,4779,"Lubbock",2008,8,342,48660000,116800,1544,5.4,2008.58333333333
"853",853,4780,"Lubbock",2008,9,247,33360000,113200,1495,5.2,2008.66666666667
"854",854,4781,"Lubbock",2008,10,192,27895000,116400,1529,5.4,2008.75
"855",855,4782,"Lubbock",2008,11,151,20120000,103600,1503,5.5,2008.83333333333
"856",856,4783,"Lubbock",2008,12,201,28115000,116700,1436,5.3,2008.91666666667
"857",857,4784,"Lubbock",2009,1,134,17705000,108200,1452,5.4,2009
"858",858,4785,"Lubbock",2009,2,199,25575000,112600,1510,5.7,2009.08333333333
"859",859,4786,"Lubbock",2009,3,258,34270000,108600,1516,5.8,2009.16666666667
"860",860,4787,"Lubbock",2009,4,289,39285000,115200,1459,5.6,2009.25
"861",861,4788,"Lubbock",2009,5,358,45605000,111400,1402,5.4,2009.33333333333
"862",862,4789,"Lubbock",2009,6,385,53585000,115200,1371,5.3,2009.41666666667
"863",863,4790,"Lubbock",2009,7,348,43620000,110300,1411,5.5,2009.5
"864",864,4791,"Lubbock",2009,8,289,39445000,115100,1434,5.6,2009.58333333333
"865",865,4792,"Lubbock",2009,9,248,31955000,111000,1391,5.5,2009.66666666667
"866",866,4793,"Lubbock",2009,10,250,34100001,114900,1355,5.2,2009.75
"867",867,4794,"Lubbock",2009,11,257,34035905,107000,1362,5.1,2009.83333333333
"868",868,4795,"Lubbock",2009,12,174,26220386,116200,1298,4.9,2009.91666666667
"869",869,4796,"Lubbock",2010,1,139,17914313,108100,1416,5.3,2010
"870",870,4797,"Lubbock",2010,2,156,20722575,110700,1458,5.6,2010.08333333333
"871",871,4798,"Lubbock",2010,3,316,42391908,109800,1535,5.7,2010.16666666667
"872",872,4799,"Lubbock",2010,4,321,44003147,114800,1501,5.6,2010.25
"873",873,4800,"Lubbock",2010,5,351,47968867,114900,1583,5.9,2010.33333333333
"874",874,4801,"Lubbock",2010,6,323,44239700,116300,1709,6.5,2010.41666666667
"875",875,4802,"Lubbock",2010,7,225,31597764,113600,1781,7,2010.5
"876",876,4803,"Lubbock",2010,8,251,34297122,111700,1847,7.4,2010.58333333333
"877",877,4804,"Lubbock",2010,9,189,29681315,126200,1805,7.3,2010.66666666667
"878",878,4805,"Lubbock",2010,10,185,25702976,114100,1770,7.4,2010.75
"879",879,4806,"Lubbock",2010,11,169,23804225,118500,1696,7.3,2010.83333333333
"880",880,4807,"Lubbock",2010,12,220,30982194,112900,1597,6.7,2010.91666666667
"881",881,4808,"Lubbock",2011,1,135,18354714,110000,1662,7,2011
"882",882,4809,"Lubbock",2011,2,142,20187712,102500,1618,6.9,2011.08333333333
"883",883,4810,"Lubbock",2011,3,210,30208084,116100,1726,7.6,2011.16666666667
"884",884,4811,"Lubbock",2011,4,233,32230242,106400,1768,8.1,2011.25
"885",885,4812,"Lubbock",2011,5,279,41796627,114900,1755,8.2,2011.33333333333
"886",886,4813,"Lubbock",2011,6,326,47549602,120500,1776,8.3,2011.41666666667
"887",887,4814,"Lubbock",2011,7,311,45299546,119000,1762,8,2011.5
"888",888,4815,"Lubbock",2011,8,264,43046584,125300,1765,8,2011.58333333333
"889",889,4816,"Lubbock",2011,9,263,36880176,120300,1720,7.5,2011.66666666667
"890",890,4817,"Lubbock",2011,10,208,29121723,114500,1726,7.5,2011.75
"891",891,4818,"Lubbock",2011,11,178,25517273,123500,1655,7.2,2011.83333333333
"892",892,4819,"Lubbock",2011,12,224,32436160,118600,1531,6.6,2011.91666666667
"893",893,4820,"Lubbock",2012,1,148,19423669,112200,1588,6.8,2012
"894",894,4821,"Lubbock",2012,2,201,29288490,115900,1565,6.6,2012.08333333333
"895",895,4822,"Lubbock",2012,3,268,38008497,120900,1562,6.5,2012.16666666667
"896",896,4823,"Lubbock",2012,4,280,39482775,113500,1621,6.6,2012.25
"897",897,4824,"Lubbock",2012,5,353,52146396,121200,1626,6.5,2012.33333333333
"898",898,4825,"Lubbock",2012,6,365,57557518,125800,1670,6.5,2012.41666666667
"899",899,4826,"Lubbock",2012,7,307,45342778,121800,1637,6.4,2012.5
"900",900,4827,"Lubbock",2012,8,361,53633940,119600,1662,6.3,2012.58333333333
"901",901,4828,"Lubbock",2012,9,256,38566793,122600,1590,6.1,2012.66666666667
"902",902,4829,"Lubbock",2012,10,261,39607330,123900,1468,5.5,2012.75
"903",903,4830,"Lubbock",2012,11,256,38797374,123300,1400,5.1,2012.83333333333
"904",904,4831,"Lubbock",2012,12,275,41940836,124600,1237,4.5,2012.91666666667
"905",905,4832,"Lubbock",2013,1,217,32328477,119500,1231,4.3,2013
"906",906,4833,"Lubbock",2013,2,250,41288203,124200,1206,4.2,2013.08333333333
"907",907,4834,"Lubbock",2013,3,366,53039333,124000,1113,3.8,2013.16666666667
"908",908,4835,"Lubbock",2013,4,354,52351004,120000,1115,3.7,2013.25
"909",909,4836,"Lubbock",2013,5,427,65309195,128900,1150,3.7,2013.33333333333
"910",910,4837,"Lubbock",2013,6,407,64754014,125700,1109,3.6,2013.41666666667
"911",911,4838,"Lubbock",2013,7,468,72213666,128600,1193,3.7,2013.5
"912",912,4839,"Lubbock",2013,8,368,59334674,130700,1224,3.8,2013.58333333333
"913",913,4840,"Lubbock",2013,9,314,51199812,132300,1242,3.8,2013.66666666667
"914",914,4841,"Lubbock",2013,10,287,45278594,130000,1265,3.8,2013.75
"915",915,4842,"Lubbock",2013,11,254,37509911,125300,1240,3.7,2013.83333333333
"916",916,4843,"Lubbock",2013,12,NA,NA,NA,NA,NA,2013.91666666667
"917",917,4844,"Lubbock",2014,1,221,33705478,124300,774,2.3,2014
"918",918,4845,"Lubbock",2014,2,217,33139748,127600,1043,3.1,2014.08333333333
"919",919,4846,"Lubbock",2014,3,260,43066279,133900,1105,3.4,2014.16666666667
"920",920,4847,"Lubbock",2014,4,352,57937483,133500,1014,3.1,2014.25
"921",921,4848,"Lubbock",2014,5,361,58397155,133400,1020,3.2,2014.33333333333
"922",922,4849,"Lubbock",2014,6,436,74286810,141900,1015,3.2,2014.41666666667
"923",923,4850,"Lubbock",2014,7,391,65793023,137300,1120,3.6,2014.5
"924",924,4851,"Lubbock",2014,8,376,60154521,143300,1042,3.3,2014.58333333333
"925",925,4852,"Lubbock",2014,9,286,47888622,140000,959,3.1,2014.66666666667
"926",926,4853,"Lubbock",2014,10,312,50480764,136800,1096,3.5,2014.75
"927",927,4854,"Lubbock",2014,11,256,42076889,132000,1121,3.6,2014.83333333333
"928",928,4855,"Lubbock",2014,12,281,44863266,133600,1039,3.3,2014.91666666667
"929",929,4856,"Lubbock",2015,1,202,32389876,132400,979,3.1,2015
"930",930,4857,"Lubbock",2015,2,228,38055770,130600,1046,3.4,2015.08333333333
"931",931,4858,"Lubbock",2015,3,372,59268168,139100,1011,3.1,2015.16666666667
"932",932,4859,"Lubbock",2015,4,360,59454618,137000,979,3,2015.25
"933",933,4860,"Lubbock",2015,5,422,72716209,140500,1010,3.1,2015.33333333333
"934",934,4861,"Lubbock",2015,6,425,72529370,141400,1047,3.2,2015.41666666667
"935",935,4862,"Lubbock",2015,7,439,73236112,141400,1160,3.5,2015.5
"936",936,6733,"San Antonio",2000,1,820,98974924,90900,5866,4.7,2000
"937",937,6734,"San Antonio",2000,2,1075,120851076,86000,5933,4.7,2000.08333333333
"938",938,6735,"San Antonio",2000,3,1433,167748201,87000,6187,4.9,2000.16666666667
"939",939,6736,"San Antonio",2000,4,1263,145280248,90200,6339,5,2000.25
"940",940,6737,"San Antonio",2000,5,1574,183281564,91200,6454,5,2000.33333333333
"941",941,6738,"San Antonio",2000,6,1666,210779154,100100,6471,5,2000.41666666667
"942",942,6739,"San Antonio",2000,7,1508,185816640,100500,6328,4.9,2000.5
"943",943,6740,"San Antonio",2000,8,1626,195515195,93400,6764,5.2,2000.58333333333
"944",944,6741,"San Antonio",2000,9,1300,156643797,94800,6761,5.2,2000.66666666667
"945",945,6742,"San Antonio",2000,10,1192,141630200,93500,6850,5.2,2000.75
"946",946,6743,"San Antonio",2000,11,1125,133453386,94100,6610,5,2000.83333333333
"947",947,6744,"San Antonio",2000,12,1008,122995362,96800,6335,4.9,2000.91666666667
"948",948,6745,"San Antonio",2001,1,945,105646984,87900,6437,4.9,2001
"949",949,6746,"San Antonio",2001,2,1109,138259169,96900,6662,5.1,2001.08333333333
"950",950,6747,"San Antonio",2001,3,1483,183435869,97300,6782,5.2,2001.16666666667
"951",951,6748,"San Antonio",2001,4,1372,161665350,93300,6906,5.2,2001.25
"952",952,6749,"San Antonio",2001,5,1634,203486532,102300,7074,5.3,2001.33333333333
"953",953,6750,"San Antonio",2001,6,1760,224534548,104600,7260,5.4,2001.41666666667
"954",954,6751,"San Antonio",2001,7,1616,201460434,100900,7212,5.4,2001.5
"955",955,6752,"San Antonio",2001,8,1635,207082026,102400,7006,5.2,2001.58333333333
"956",956,6753,"San Antonio",2001,9,1159,142851660,98500,6919,5.2,2001.66666666667
"957",957,6754,"San Antonio",2001,10,1242,156272648,96400,6774,5.1,2001.75
"958",958,6755,"San Antonio",2001,11,1155,146607645,98200,6511,4.8,2001.83333333333
"959",959,6756,"San Antonio",2001,12,1152,148611204,108000,6299,4.6,2001.91666666667
"960",960,6757,"San Antonio",2002,1,884,107359952,100500,6616,4.9,2002
"961",961,6758,"San Antonio",2002,2,1096,139391844,104000,6787,5,2002.08333333333
"962",962,6759,"San Antonio",2002,3,1327,171773437,100400,6959,5.2,2002.16666666667
"963",963,6760,"San Antonio",2002,4,1339,170085516,102100,7049,5.3,2002.25
"964",964,6761,"San Antonio",2002,5,1651,220873783,108700,7080,5.3,2002.33333333333
"965",965,6762,"San Antonio",2002,6,1496,204189254,112700,7237,5.5,2002.41666666667
"966",966,6763,"San Antonio",2002,7,1552,207497163,111000,7265,5.6,2002.5
"967",967,6764,"San Antonio",2002,8,1577,201741215,103200,7243,5.6,2002.58333333333
"968",968,6765,"San Antonio",2002,9,1308,167698544,105600,7290,5.5,2002.66666666667
"969",969,6766,"San Antonio",2002,10,1320,175532446,107800,7272,5.5,2002.75
"970",970,6767,"San Antonio",2002,11,1148,154316196,106700,7167,5.4,2002.83333333333
"971",971,6768,"San Antonio",2002,12,1283,176796636,112900,6956,5.2,2002.91666666667
"972",972,6769,"San Antonio",2003,1,1018,129687322,101100,7241,5.4,2003
"973",973,6770,"San Antonio",2003,2,1136,149846603,108800,7343,5.5,2003.08333333333
"974",974,6771,"San Antonio",2003,3,1380,182266602,105500,7639,5.7,2003.16666666667
"975",975,6772,"San Antonio",2003,4,1488,203687322,111900,7911,5.8,2003.25
"976",976,6773,"San Antonio",2003,5,1611,225024783,114500,8159,6,2003.33333333333
"977",977,6774,"San Antonio",2003,6,1806,272373704,125500,8413,6.1,2003.41666666667
"978",978,6775,"San Antonio",2003,7,1782,259955959,120600,8408,6,2003.5
"979",979,6776,"San Antonio",2003,8,1814,256734550,120500,8344,5.9,2003.58333333333
"980",980,6777,"San Antonio",2003,9,1584,212298452,111600,8476,5.9,2003.66666666667
"981",981,6778,"San Antonio",2003,10,1497,195694922,108100,8357,5.7,2003.75
"982",982,6779,"San Antonio",2003,11,1245,172870150,110800,8112,5.5,2003.83333333333
"983",983,6780,"San Antonio",2003,12,1501,207608035,114200,7867,5.3,2003.91666666667
"984",984,6781,"San Antonio",2004,1,1028,134983218,107100,8302,5.6,2004
"985",985,6782,"San Antonio",2004,2,1275,171117643,108300,8529,5.7,2004.08333333333
"986",986,6783,"San Antonio",2004,3,1700,230223523,114400,8783,5.7,2004.16666666667
"987",987,6784,"San Antonio",2004,4,1695,233034760,112500,8857,5.7,2004.25
"988",988,6785,"San Antonio",2004,5,1865,272339465,121800,8977,5.7,2004.33333333333
"989",989,6786,"San Antonio",2004,6,2284,354062864,126900,8928,5.6,2004.41666666667
"990",990,6787,"San Antonio",2004,7,2106,314642414,124200,8903,5.5,2004.5
"991",991,6788,"San Antonio",2004,8,2035,300836609,124000,8830,5.3,2004.58333333333
"992",992,6789,"San Antonio",2004,9,1716,248621950,120700,8847,5.3,2004.66666666667
"993",993,6790,"San Antonio",2004,10,1624,228302392,117900,NA,NA,2004.75
"994",994,6791,"San Antonio",2004,11,1474,215851592,118100,NA,NA,2004.83333333333
"995",995,6792,"San Antonio",2004,12,1691,245485643,121500,NA,NA,2004.91666666667
"996",996,6793,"San Antonio",2005,1,1265,174252814,114900,8512,4.9,2005
"997",997,6794,"San Antonio",2005,2,1450,213938995,121400,8546,4.9,2005.08333333333
"998",998,6795,"San Antonio",2005,3,1958,280364246,121600,8849,5,2005.16666666667
"999",999,6796,"San Antonio",2005,4,1922,285284008,125900,8845,5,2005.25
"1000",1000,6797,"San Antonio",2005,5,2310,367241928,130700,8940,4.9,2005.33333333333
"1001",1001,6798,"San Antonio",2005,6,2504,408234678,135700,8924,4.9,2005.41666666667
"1002",1002,6799,"San Antonio",2005,7,2239,353272225,134600,8822,4.8,2005.5
"1003",1003,6800,"San Antonio",2005,8,2547,411025907,135500,8344,4.4,2005.58333333333
"1004",1004,6801,"San Antonio",2005,9,2224,357574000,136700,8141,4.2,2005.66666666667
"1005",1005,6802,"San Antonio",2005,10,1915,307933563,129700,8038,4.1,2005.75
"1006",1006,6803,"San Antonio",2005,11,1815,289868415,134500,7826,3.9,2005.83333333333
"1007",1007,6804,"San Antonio",2005,12,1885,307867259,139200,7552,3.8,2005.91666666667
"1008",1008,6805,"San Antonio",2006,1,1420,222767576,130400,7905,3.9,2006
"1009",1009,6806,"San Antonio",2006,2,1705,267312785,130400,7846,3.9,2006.08333333333
"1010",1010,6807,"San Antonio",2006,3,2354,382533514,135900,8134,3.9,2006.16666666667
"1011",1011,6808,"San Antonio",2006,4,2070,337955174,135800,8238,4,2006.25
"1012",1012,6809,"San Antonio",2006,5,2557,439980205,140800,8397,4,2006.33333333333
"1013",1013,6810,"San Antonio",2006,6,2812,499747796,147500,8447,4,2006.41666666667
"1014",1014,6811,"San Antonio",2006,7,2568,459221882,146100,8675,4,2006.5
"1015",1015,6812,"San Antonio",2006,8,2547,438795181,143300,8889,4.1,2006.58333333333
"1016",1016,6813,"San Antonio",2006,9,2245,375555039,139100,9169,4.2,2006.66666666667
"1017",1017,6814,"San Antonio",2006,10,1960,330988924,137900,9563,4.4,2006.75
"1018",1018,6815,"San Antonio",2006,11,1919,323268760,141700,9431,4.3,2006.83333333333
"1019",1019,6816,"San Antonio",2006,12,2012,356849507,147500,9101,4.2,2006.91666666667
"1020",1020,6817,"San Antonio",2007,1,1421,240444609,142400,9696,4.4,2007
"1021",1021,6818,"San Antonio",2007,2,1701,299078925,143100,10388,4.8,2007.08333333333
"1022",1022,6819,"San Antonio",2007,3,2139,371754181,145700,10785,5,2007.16666666667
"1023",1023,6820,"San Antonio",2007,4,2107,380162073,145000,11563,5.3,2007.25
"1024",1024,6821,"San Antonio",2007,5,2478,447033120,147200,12256,5.7,2007.33333333333
"1025",1025,6822,"San Antonio",2007,6,2443,472051800,157200,12718,6,2007.41666666667
"1026",1026,6823,"San Antonio",2007,7,2372,438039518,152300,12946,6.1,2007.5
"1027",1027,6824,"San Antonio",2007,8,2409,450041817,151500,12857,6.1,2007.58333333333
"1028",1028,6825,"San Antonio",2007,9,1885,335779547,146600,12884,6.2,2007.66666666667
"1029",1029,6826,"San Antonio",2007,10,1722,296749662,144400,13103,6.4,2007.75
"1030",1030,6827,"San Antonio",2007,11,1591,280035900,145000,12578,6.2,2007.83333333333
"1031",1031,6828,"San Antonio",2007,12,1689,306775579,148500,11843,5.9,2007.91666666667
"1032",1032,6829,"San Antonio",2008,1,1235,211772275,140400,12368,6.2,2008
"1033",1033,6830,"San Antonio",2008,2,1546,263763769,143000,12631,6.4,2008.08333333333
"1034",1034,6831,"San Antonio",2008,3,1723,309989598,147900,13091,6.8,2008.16666666667
"1035",1035,6832,"San Antonio",2008,4,1744,322794620,152300,13479,7.1,2008.25
"1036",1036,6833,"San Antonio",2008,5,1909,356613490,151700,13640,7.4,2008.33333333333
"1037",1037,6834,"San Antonio",2008,6,2096,405778671,157800,13871,7.6,2008.41666666667
"1038",1038,6835,"San Antonio",2008,7,1890,350623890,153400,14088,7.9,2008.5
"1039",1039,6836,"San Antonio",2008,8,1799,331904853,150200,13814,8,2008.58333333333
"1040",1040,6837,"San Antonio",2008,9,1655,292644119,144500,13618,7.9,2008.66666666667
"1041",1041,6838,"San Antonio",2008,10,1423,262507655,144300,13541,8,2008.75
"1042",1042,6839,"San Antonio",2008,11,1040,186039791,142600,13137,8,2008.83333333333
"1043",1043,6840,"San Antonio",2008,12,1311,232910019,141500,12281,7.6,2008.91666666667
"1044",1044,6841,"San Antonio",2009,1,859,158719852,145900,12349,7.8,2009
"1045",1045,6842,"San Antonio",2009,2,1156,202274184,142300,12622,8.1,2009.08333333333
"1046",1046,6843,"San Antonio",2009,3,1372,235903850,143800,12807,8.4,2009.16666666667
"1047",1047,6844,"San Antonio",2009,4,1501,271181155,147900,12690,8.5,2009.25
"1048",1048,6845,"San Antonio",2009,5,1667,306809171,151600,12601,8.5,2009.33333333333
"1049",1049,6846,"San Antonio",2009,6,1953,369817472,156100,12516,8.5,2009.41666666667
"1050",1050,6847,"San Antonio",2009,7,2044,380490533,158600,12413,8.4,2009.5
"1051",1051,6848,"San Antonio",2009,8,1803,324885177,147800,12224,8.2,2009.58333333333
"1052",1052,6849,"San Antonio",2009,9,1610,279600204,146500,11865,8,2009.66666666667
"1053",1053,6850,"San Antonio",2009,10,1751,292424481,138700,11583,7.7,2009.75
"1054",1054,6851,"San Antonio",2009,11,1608,271945968,141000,11506,7.4,2009.83333333333
"1055",1055,6852,"San Antonio",2009,12,1399,252403705,147400,11150,7.1,2009.91666666667
"1056",1056,6853,"San Antonio",2010,1,857,148724845,138800,11755,7.5,2010
"1057",1057,6854,"San Antonio",2010,2,1250,210877650,141700,12168,7.8,2010.08333333333
"1058",1058,6855,"San Antonio",2010,3,1763,307921677,143300,12948,8.1,2010.16666666667
"1059",1059,6856,"San Antonio",2010,4,1918,331213210,142600,12716,7.8,2010.25
"1060",1060,6857,"San Antonio",2010,5,2035,356955045,146600,13055,7.8,2010.33333333333
"1061",1061,6858,"San Antonio",2010,6,1972,371310192,152000,13552,8.1,2010.41666666667
"1062",1062,6859,"San Antonio",2010,7,1559,318011916,161800,13598,8.4,2010.5
"1063",1063,6860,"San Antonio",2010,8,1657,328912742,160100,13423,8.3,2010.58333333333
"1064",1064,6861,"San Antonio",2010,9,1462,269064373,152000,13022,8.1,2010.66666666667
"1065",1065,6862,"San Antonio",2010,10,1320,240255420,149300,12615,8.1,2010.75
"1066",1066,6863,"San Antonio",2010,11,1300,246477985,152900,12235,7.9,2010.83333333333
"1067",1067,6864,"San Antonio",2010,12,1356,260427064,157200,11603,7.5,2010.91666666667
"1068",1068,6865,"San Antonio",2011,1,977,175057159,146100,11903,7.7,2011
"1069",1069,6866,"San Antonio",2011,2,1130,201443132,148700,12076,7.9,2011.08333333333
"1070",1070,6867,"San Antonio",2011,3,1607,290760522,148400,12485,8.2,2011.16666666667
"1071",1071,6868,"San Antonio",2011,4,1564,279658832,147900,12631,8.4,2011.25
"1072",1072,6869,"San Antonio",2011,5,1871,351947316,152400,12685,8.6,2011.33333333333
"1073",1073,6870,"San Antonio",2011,6,1989,382276827,155300,12655,8.5,2011.41666666667
"1074",1074,6871,"San Antonio",2011,7,1752,334566084,156500,12491,8.3,2011.5
"1075",1075,6872,"San Antonio",2011,8,1820,332639720,153300,11856,7.8,2011.58333333333
"1076",1076,6873,"San Antonio",2011,9,1626,305052198,152400,11489,7.5,2011.66666666667
"1077",1077,6874,"San Antonio",2011,10,1423,258310111,151400,11299,7.4,2011.75
"1078",1078,6875,"San Antonio",2011,11,1295,226300216,147500,10901,7.1,2011.83333333333
"1079",1079,6876,"San Antonio",2011,12,1454,266388959,151900,10171,6.6,2011.91666666667
"1080",1080,6877,"San Antonio",2012,1,1042,183471954,142100,10400,6.7,2012
"1081",1081,6878,"San Antonio",2012,2,1316,240879768,150200,10486,6.7,2012.08333333333
"1082",1082,6879,"San Antonio",2012,3,1695,312831976,157200,10618,6.8,2012.16666666667
"1083",1083,6880,"San Antonio",2012,4,1698,325553748,156900,10977,6.9,2012.25
"1084",1084,6881,"San Antonio",2012,5,1948,382613654,160400,11063,7,2012.33333333333
"1085",1085,6882,"San Antonio",2012,6,2112,439461614,169700,11031,6.9,2012.41666666667
"1086",1086,6883,"San Antonio",2012,7,1950,379996619,163200,10938,6.8,2012.5
"1087",1087,6884,"San Antonio",2012,8,2146,418840356,160400,10477,6.4,2012.58333333333
"1088",1088,6885,"San Antonio",2012,9,1740,333975240,157200,10148,6.1,2012.66666666667
"1089",1089,6886,"San Antonio",2012,10,1707,331573545,157800,9828,5.9,2012.75
"1090",1090,6887,"San Antonio",2012,11,1626,313453812,160800,9429,5.5,2012.83333333333
"1091",1091,6888,"San Antonio",2012,12,1585,305454501,159500,8801,5.1,2012.91666666667
"1092",1092,6889,"San Antonio",2013,1,1292,236163208,150400,8932,5.1,2013
"1093",1093,6890,"San Antonio",2013,2,1449,285398367,159300,9359,5.4,2013.08333333333
"1094",1094,6891,"San Antonio",2013,3,1900,364477084,158300,9488,5.4,2013.16666666667
"1095",1095,6892,"San Antonio",2013,4,2046,413772003,165300,9421,5.3,2013.25
"1096",1096,6893,"San Antonio",2013,5,2549,546614113,174900,9406,5.1,2013.33333333333
"1097",1097,6894,"San Antonio",2013,6,2388,521027508,177800,9581,5.1,2013.41666666667
"1098",1098,6895,"San Antonio",2013,7,2490,537769228,178000,9763,5.1,2013.5
"1099",1099,6896,"San Antonio",2013,8,2489,518033309,174700,9396,4.8,2013.58333333333
"1100",1100,6897,"San Antonio",2013,9,2058,420142221,168400,9113,4.6,2013.66666666667
"1101",1101,6898,"San Antonio",2013,10,1910,388789029,168500,8868,4.5,2013.75
"1102",1102,6899,"San Antonio",2013,11,1693,361665378,170300,8372,4.2,2013.83333333333
"1103",1103,6900,"San Antonio",2013,12,1843,392660916,172300,7914,3.9,2013.91666666667
"1104",1104,6901,"San Antonio",2014,1,1401,269857974,160900,8282,4.1,2014
"1105",1105,6902,"San Antonio",2014,2,1559,313307895,168600,8638,4.3,2014.08333333333
"1106",1106,6903,"San Antonio",2014,3,1922,404816960,173300,8909,4.4,2014.16666666667
"1107",1107,6904,"San Antonio",2014,4,2193,458876193,175900,9358,4.6,2014.25
"1108",1108,6905,"San Antonio",2014,5,2432,539405842,182600,9560,4.7,2014.33333333333
"1109",1109,6906,"San Antonio",2014,6,2553,585805307,188800,9641,4.7,2014.41666666667
"1110",1110,6907,"San Antonio",2014,7,2556,577877954,185300,9458,4.6,2014.5
"1111",1111,6908,"San Antonio",2014,8,2523,553787595,180700,9235,4.5,2014.58333333333
"1112",1112,6909,"San Antonio",2014,9,2308,505447424,184000,9000,4.3,2014.66666666667
"1113",1113,6910,"San Antonio",2014,10,2225,464066036,174600,8710,4.1,2014.75
"1114",1114,6911,"San Antonio",2014,11,1738,388222634,184100,8236,3.9,2014.83333333333
"1115",1115,6912,"San Antonio",2014,12,2161,478503900,183400,7569,3.6,2014.91666666667
"1116",1116,6913,"San Antonio",2015,1,1485,311909130,175900,7717,3.6,2015
"1117",1117,6914,"San Antonio",2015,2,1768,387155552,186700,7799,3.6,2015.08333333333
"1118",1118,6915,"San Antonio",2015,3,2265,510275463,185800,8032,3.7,2015.16666666667
"1119",1119,6916,"San Antonio",2015,4,2450,547396335,188500,8388,3.8,2015.25
"1120",1120,6917,"San Antonio",2015,5,2606,633210464,199400,8682,3.9,2015.33333333333
"1121",1121,6918,"San Antonio",2015,6,2919,701375402,199400,9105,4,2015.41666666667
"1122",1122,6919,"San Antonio",2015,7,2962,704891602,198100,9462,4.1,2015.5
